file_name,type
jumper_10008.png,점퍼/짚업
jumper_10011.png,점퍼/짚업
jumper_10019.png,점퍼/짚업
jumper_10023.png,점퍼/짚업
jumper_10028.png,점퍼/짚업
jumper_10031.png,점퍼/짚업
jumper_10039.png,점퍼/짚업
jumper_10047.png,점퍼/짚업
jumper_10054.png,점퍼/짚업
jumper_10058.png,점퍼/짚업
jumper_10059.png,점퍼/짚업
jumper_10060.png,점퍼/짚업
jumper_10063.png,점퍼/짚업
jumper_10065.png,점퍼/짚업
jumper_10068.png,점퍼/짚업
jumper_10071.png,점퍼/짚업
jumper_10076.png,점퍼/짚업
jumper_10085.png,점퍼/짚업
jumper_10091.png,점퍼/짚업
jumper_10093.png,점퍼/짚업
jumper_10095.png,점퍼/짚업
jumper_10097.png,점퍼/짚업
jumper_10101.png,점퍼/짚업
jumper_10102.png,점퍼/짚업
jumper_10104.png,점퍼/짚업
jumper_10110.png,점퍼/짚업
jumper_10115.png,점퍼/짚업
jumper_10117.png,점퍼/짚업
jumper_10118.png,점퍼/짚업
jumper_10122.png,점퍼/짚업
jumper_10124.png,점퍼/짚업
jumper_10126.png,점퍼/짚업
jumper_10127.png,점퍼/짚업
jumper_10129.png,점퍼/짚업
jumper_10132.png,점퍼/짚업
jumper_10134.png,점퍼/짚업
jumper_10136.png,점퍼/짚업
jumper_10145.png,점퍼/짚업
jumper_10147.png,점퍼/짚업
jumper_10150.png,점퍼/짚업
jumper_10151.png,점퍼/짚업
jumper_10153.png,점퍼/짚업
jumper_10155.png,점퍼/짚업
jumper_10158.png,점퍼/짚업
jumper_10162.png,점퍼/짚업
jumper_10168.png,점퍼/짚업
jumper_10177.png,점퍼/짚업
jumper_10178.png,점퍼/짚업
jumper_10182.png,점퍼/짚업
jumper_10183.png,점퍼/짚업
jumper_10185.png,점퍼/짚업
jumper_10187.png,점퍼/짚업
jumper_10193.png,점퍼/짚업
jumper_10197.png,점퍼/짚업
jumper_10200.png,점퍼/짚업
jumper_10203.png,점퍼/짚업
jumper_10204.png,점퍼/짚업
jumper_10207.png,점퍼/짚업
jumper_10210.png,점퍼/짚업
jumper_10211.png,점퍼/짚업
jumper_10212.png,점퍼/짚업
jumper_10214.png,점퍼/짚업
jumper_10220.png,점퍼/짚업
jumper_10225.png,점퍼/짚업
jumper_10226.png,점퍼/짚업
jumper_10227.png,점퍼/짚업
jumper_10228.png,점퍼/짚업
jumper_10230.png,점퍼/짚업
jumper_10231.png,점퍼/짚업
jumper_10232.png,점퍼/짚업
jumper_10233.png,점퍼/짚업
jumper_10237.png,점퍼/짚업
jumper_10244.png,점퍼/짚업
jumper_10248.png,점퍼/짚업
jumper_10251.png,점퍼/짚업
jumper_10252.png,점퍼/짚업
jumper_10259.png,점퍼/짚업
jumper_10263.png,점퍼/짚업
jumper_10264.png,점퍼/짚업
jumper_10269.png,점퍼/짚업
jumper_10279.png,점퍼/짚업
jumper_10283.png,점퍼/짚업
jumper_10284.png,점퍼/짚업
jumper_10286.png,점퍼/짚업
jumper_10287.png,점퍼/짚업
jumper_10291.png,점퍼/짚업
jumper_10292.png,점퍼/짚업
jumper_10294.png,점퍼/짚업
jumper_10298.png,점퍼/짚업
jumper_10299.png,점퍼/짚업
jumper_10301.png,점퍼/짚업
jumper_10309.png,점퍼/짚업
jumper_10310.png,점퍼/짚업
jumper_10315.png,점퍼/짚업
jumper_10319.png,점퍼/짚업
jumper_10325.png,점퍼/짚업
jumper_10329.png,점퍼/짚업
jumper_10336.png,점퍼/짚업
jumper_10339.png,점퍼/짚업
jumper_10340.png,점퍼/짚업
jumper_10342.png,점퍼/짚업
jumper_10344.png,점퍼/짚업
jumper_10345.png,점퍼/짚업
jumper_10352.png,점퍼/짚업
jumper_10359.png,점퍼/짚업
jumper_10360.png,점퍼/짚업
jumper_10374.png,점퍼/짚업
jumper_10378.png,점퍼/짚업
jumper_10384.png,점퍼/짚업
jumper_10389.png,점퍼/짚업
jumper_10401.png,점퍼/짚업
jumper_10404.png,점퍼/짚업
jumper_10406.png,점퍼/짚업
jumper_10412.png,점퍼/짚업
jumper_10413.png,점퍼/짚업
jumper_10414.png,점퍼/짚업
jumper_10417.png,점퍼/짚업
jumper_10419.png,점퍼/짚업
jumper_10422.png,점퍼/짚업
jumper_10423.png,점퍼/짚업
jumper_10424.png,점퍼/짚업
jumper_10425.png,점퍼/짚업
jumper_10427.png,점퍼/짚업
jumper_10428.png,점퍼/짚업
jumper_10437.png,점퍼/짚업
jumper_10438.png,점퍼/짚업
jumper_10446.png,점퍼/짚업
jumper_10459.png,점퍼/짚업
jumper_10466.png,점퍼/짚업
jumper_10467.png,점퍼/짚업
jumper_10469.png,점퍼/짚업
jumper_10470.png,점퍼/짚업
jumper_10471.png,점퍼/짚업
jumper_10475.png,점퍼/짚업
jumper_10478.png,점퍼/짚업
jumper_10481.png,점퍼/짚업
jumper_10483.png,점퍼/짚업
jumper_10491.png,점퍼/짚업
jumper_10492.png,점퍼/짚업
jumper_10496.png,점퍼/짚업
jumper_10499.png,점퍼/짚업
jumper_10500.png,점퍼/짚업
jumper_10503.png,점퍼/짚업
jumper_10510.png,점퍼/짚업
jumper_10523.png,점퍼/짚업
jumper_10531.png,점퍼/짚업
jumper_10532.png,점퍼/짚업
jumper_10539.png,점퍼/짚업
jumper_10547.png,점퍼/짚업
jumper_10551.png,점퍼/짚업
jumper_10553.png,점퍼/짚업
jumper_10555.png,점퍼/짚업
jumper_10556.png,점퍼/짚업
jumper_10559.png,점퍼/짚업
jumper_10562.png,점퍼/짚업
jumper_10564.png,점퍼/짚업
jumper_10568.png,점퍼/짚업
jumper_10574.png,점퍼/짚업
jumper_10579.png,점퍼/짚업
jumper_10587.png,점퍼/짚업
jumper_10588.png,점퍼/짚업
jumper_10590.png,점퍼/짚업
jumper_10592.png,점퍼/짚업
jumper_10594.png,점퍼/짚업
jumper_10596.png,점퍼/짚업
jumper_10599.png,점퍼/짚업
jumper_10603.png,점퍼/짚업
jumper_10604.png,점퍼/짚업
jumper_10605.png,점퍼/짚업
jumper_10609.png,점퍼/짚업
jumper_10610.png,점퍼/짚업
jumper_10611.png,점퍼/짚업
jumper_10614.png,점퍼/짚업
jumper_10619.png,점퍼/짚업
jumper_10623.png,점퍼/짚업
jumper_10624.png,점퍼/짚업
jumper_10628.png,점퍼/짚업
jumper_10636.png,점퍼/짚업
jumper_10641.png,점퍼/짚업
jumper_10643.png,점퍼/짚업
jumper_10651.png,점퍼/짚업
jumper_10672.png,점퍼/짚업
jumper_10685.png,점퍼/짚업
jumper_10696.png,점퍼/짚업
jumper_10705.png,점퍼/짚업
jumper_10723.png,점퍼/짚업
jumper_10731.png,점퍼/짚업
jumper_10741.png,점퍼/짚업
jumper_k_11051.png,점퍼/짚업
jumper_k_15963.png,점퍼/짚업
jumper_k_15992.png,점퍼/짚업
jumper_k_16173.png,점퍼/짚업
jumper_k_17070.png,점퍼/짚업
jumper_k_17113.png,점퍼/짚업
jumper_k_22047.png,점퍼/짚업
jumper_k_22099.png,점퍼/짚업
jumper_k_22483.png,점퍼/짚업
jumper_k_22503.png,점퍼/짚업
jumper_k_22548.png,점퍼/짚업
jumper_k_22597.png,점퍼/짚업
jumper_k_22666.png,점퍼/짚업
jumper_k_25344.png,점퍼/짚업
jumper_k_28016.png,점퍼/짚업
jumpsuit_10018.png,점프수트
jumpsuit_10033.png,점프수트
jumpsuit_10034.png,점프수트
jumpsuit_10035.png,점프수트
jumpsuit_10063.png,점프수트
jumpsuit_10064.png,점프수트
jumpsuit_10066.png,점프수트
jumpsuit_10073.png,점프수트
jumpsuit_10088.png,점프수트
jumpsuit_10091.png,점프수트
jumpsuit_10092.png,점프수트
jumpsuit_10093.png,점프수트
jumpsuit_10102.png,점프수트
jumpsuit_10106.png,점프수트
jumpsuit_10110.png,점프수트
jumpsuit_10122.png,점프수트
jumpsuit_10129.png,점프수트
jumpsuit_10145.png,점프수트
jumpsuit_10152.png,점프수트
jumpsuit_10154.png,점프수트
jumpsuit_10155.png,점프수트
jumpsuit_10162.png,점프수트
jumpsuit_10166.png,점프수트
jumpsuit_10170.png,점프수트
jumpsuit_10175.png,점프수트
jumpsuit_10183.png,점프수트
jumpsuit_10186.png,점프수트
jumpsuit_10217.png,점프수트
jumpsuit_10220.png,점프수트
jumpsuit_10223.png,점프수트
jumpsuit_10227.png,점프수트
jumpsuit_10229.png,점프수트
jumpsuit_10255.png,점프수트
jumpsuit_10256.png,점프수트
jumpsuit_10263.png,점프수트
jumpsuit_10276.png,점프수트
jumpsuit_10283.png,점프수트
jumpsuit_10287.png,점프수트
jumpsuit_10292.png,점프수트
jumpsuit_10296.png,점프수트
jumpsuit_10304.png,점프수트
jumpsuit_10320.png,점프수트
jumpsuit_10337.png,점프수트
jumpsuit_10339.png,점프수트
jumpsuit_10344.png,점프수트
jumpsuit_10347.png,점프수트
jumpsuit_10357.png,점프수트
jumpsuit_10363.png,점프수트
jumpsuit_10374.png,점프수트
jumpsuit_10379.png,점프수트
jumpsuit_10383.png,점프수트
jumpsuit_10406.png,점프수트
jumpsuit_10408.png,점프수트
jumpsuit_10409.png,점프수트
jumpsuit_10411.png,점프수트
jumpsuit_10412.png,점프수트
jumpsuit_10477.png,점프수트
jumpsuit_10480.png,점프수트
jumpsuit_10494.png,점프수트
jumpsuit_10521.png,점프수트
jumpsuit_10529.png,점프수트
jumpsuit_10530.png,점프수트
jumpsuit_10537.png,점프수트
jumpsuit_k_15953.png,점프수트
jumpsuit_k_15956.png,점프수트
jumpsuit_k_17376.png,점프수트
jumpsuit_k_17402.png,점프수트
jumpsuit_k_17645.png,점프수트
jumpsuit_k_17646.png,점프수트
jumpsuit_k_18932.png,점프수트
jumpsuit_k_21930.png,점프수트
jumpsuit_k_24775.png,점프수트
jumpsuit_k_26865.png,점프수트
jumpsuit_k_26956.png,점프수트
jumpsuit_k_27490.png,점프수트
jumpsuit_k_27506.png,점프수트
jumpsuit_k_27682.png,점프수트
jumpsuit_k_29780.png,점프수트
knitwear_10011.png,니트웨어
knitwear_10037.png,니트웨어
knitwear_10042.png,니트웨어
knitwear_10045.png,니트웨어
knitwear_10115.png,니트웨어
knitwear_10117.png,니트웨어
knitwear_10132.png,니트웨어
knitwear_10151.png,니트웨어
knitwear_10154.png,니트웨어
knitwear_10250.png,니트웨어
knitwear_10259.png,니트웨어
knitwear_10316.png,니트웨어
knitwear_10324.png,니트웨어
knitwear_10325.png,니트웨어
knitwear_10327.png,니트웨어
knitwear_10331.png,니트웨어
knitwear_10333.png,니트웨어
knitwear_10339.png,니트웨어
knitwear_10340.png,니트웨어
knitwear_10343.png,니트웨어
knitwear_10348.png,니트웨어
knitwear_10355.png,니트웨어
knitwear_10388.png,니트웨어
knitwear_10409.png,니트웨어
knitwear_10410.png,니트웨어
knitwear_10422.png,니트웨어
knitwear_10435.png,니트웨어
knitwear_10439.png,니트웨어
knitwear_10461.png,니트웨어
knitwear_10479.png,니트웨어
knitwear_10483.png,니트웨어
knitwear_10507.png,니트웨어
knitwear_10544.png,니트웨어
knitwear_10546.png,니트웨어
knitwear_10553.png,니트웨어
knitwear_10567.png,니트웨어
knitwear_10568.png,니트웨어
knitwear_10576.png,니트웨어
knitwear_10580.png,니트웨어
knitwear_10611.png,니트웨어
knitwear_10667.png,니트웨어
knitwear_10668.png,니트웨어
knitwear_10680.png,니트웨어
knitwear_10689.png,니트웨어
knitwear_10735.png,니트웨어
knitwear_k_10102.png,니트웨어
knitwear_k_10105.png,니트웨어
knitwear_k_10107.png,니트웨어
knitwear_k_10187.png,니트웨어
knitwear_k_10196.png,니트웨어
knitwear_k_10624.png,니트웨어
knitwear_k_10632.png,니트웨어
knitwear_k_10803.png,니트웨어
knitwear_k_10861.png,니트웨어
knitwear_k_11195.png,니트웨어
knitwear_k_11202.png,니트웨어
knitwear_k_11257.png,니트웨어
knitwear_k_11607.png,니트웨어
knitwear_k_11621.png,니트웨어
knitwear_k_11857.png,니트웨어
knitwear_k_11930.png,니트웨어
knitwear_k_12280.png,니트웨어
knitwear_k_12350.png,니트웨어
knitwear_k_13091.png,니트웨어
knitwear_k_13097.png,니트웨어
knitwear_k_13106.png,니트웨어
knitwear_k_13107.png,니트웨어
knitwear_k_13109.png,니트웨어
knitwear_k_13111.png,니트웨어
knitwear_k_13116.png,니트웨어
knitwear_k_13117.png,니트웨어
knitwear_k_13147.png,니트웨어
knitwear_k_13202.png,니트웨어
knitwear_k_13438.png,니트웨어
knitwear_k_13507.png,니트웨어
knitwear_k_14165.png,니트웨어
knitwear_k_14348.png,니트웨어
knitwear_k_14371.png,니트웨어
knitwear_k_14673.png,니트웨어
knitwear_k_15123.png,니트웨어
knitwear_k_15520.png,니트웨어
knitwear_k_15533.png,니트웨어
knitwear_k_15534.png,니트웨어
knitwear_k_15535.png,니트웨어
knitwear_k_15554.png,니트웨어
knitwear_k_15714.png,니트웨어
knitwear_k_15829.png,니트웨어
knitwear_k_15889.png,니트웨어
knitwear_k_16044.png,니트웨어
knitwear_k_16207.png,니트웨어
knitwear_k_16208.png,니트웨어
knitwear_k_16283.png,니트웨어
knitwear_k_17152.png,니트웨어
knitwear_k_17153.png,니트웨어
knitwear_k_17156.png,니트웨어
knitwear_k_17160.png,니트웨어
knitwear_k_17188.png,니트웨어
knitwear_k_17310.png,니트웨어
knitwear_k_17335.png,니트웨어
knitwear_k_17336.png,니트웨어
knitwear_k_17347.png,니트웨어
knitwear_k_17360.png,니트웨어
knitwear_k_17362.png,니트웨어
knitwear_k_17492.png,니트웨어
knitwear_k_17494.png,니트웨어
knitwear_k_17496.png,니트웨어
knitwear_k_17515.png,니트웨어
knitwear_k_17531.png,니트웨어
knitwear_k_17532.png,니트웨어
knitwear_k_17539.png,니트웨어
knitwear_k_17542.png,니트웨어
knitwear_k_17546.png,니트웨어
knitwear_k_17553.png,니트웨어
knitwear_k_17808.png,니트웨어
knitwear_k_17834.png,니트웨어
knitwear_k_18117.png,니트웨어
knitwear_k_18122.png,니트웨어
knitwear_k_18126.png,니트웨어
knitwear_k_18239.png,니트웨어
knitwear_k_18305.png,니트웨어
knitwear_k_18315.png,니트웨어
knitwear_k_18329.png,니트웨어
knitwear_k_20164.png,니트웨어
knitwear_k_20184.png,니트웨어
knitwear_k_20759.png,니트웨어
knitwear_k_20948.png,니트웨어
knitwear_k_21481.png,니트웨어
knitwear_k_21484.png,니트웨어
knitwear_k_24553.png,니트웨어
knitwear_k_24707.png,니트웨어
knitwear_k_24710.png,니트웨어
knitwear_k_25349.png,니트웨어
knitwear_k_27281.png,니트웨어
knitwear_k_29300.png,니트웨어
knitwear_k_29305.png,니트웨어
knitwear_k_29311.png,니트웨어
knitwear_k_29361.png,니트웨어
knitwear_k_29512.png,니트웨어
knitwear_k_29582.png,니트웨어
knitwear_k_29585.png,니트웨어
knitwear_k_29602.png,니트웨어
long_skirt_10025.png,롱스커트
long_skirt_10050.png,롱스커트
long_skirt_10054.png,롱스커트
long_skirt_10074.png,롱스커트
long_skirt_10095.png,롱스커트
long_skirt_10106.png,롱스커트
long_skirt_10130.png,롱스커트
long_skirt_10146.png,롱스커트
long_skirt_10175.png,롱스커트
long_skirt_10186.png,롱스커트
long_skirt_10216.png,롱스커트
long_skirt_10220.png,롱스커트
long_skirt_10233.png,롱스커트
long_skirt_10254.png,롱스커트
long_skirt_10268.png,롱스커트
long_skirt_10282.png,롱스커트
long_skirt_10290.png,롱스커트
long_skirt_10309.png,롱스커트
long_skirt_10330.png,롱스커트
long_skirt_10332.png,롱스커트
long_skirt_10336.png,롱스커트
long_skirt_10349.png,롱스커트
long_skirt_10352.png,롱스커트
long_skirt_10366.png,롱스커트
long_skirt_10370.png,롱스커트
long_skirt_10378.png,롱스커트
long_skirt_10396.png,롱스커트
long_skirt_10400.png,롱스커트
long_skirt_10412.png,롱스커트
long_skirt_10414.png,롱스커트
long_skirt_10434.png,롱스커트
long_skirt_10440.png,롱스커트
long_skirt_10442.png,롱스커트
long_skirt_10443.png,롱스커트
long_skirt_10448.png,롱스커트
long_skirt_10468.png,롱스커트
long_skirt_10472.png,롱스커트
long_skirt_10482.png,롱스커트
long_skirt_10484.png,롱스커트
long_skirt_10486.png,롱스커트
long_skirt_10487.png,롱스커트
long_skirt_10488.png,롱스커트
long_skirt_10491.png,롱스커트
long_skirt_10504.png,롱스커트
long_skirt_10511.png,롱스커트
long_skirt_10523.png,롱스커트
long_skirt_10543.png,롱스커트
long_skirt_10544.png,롱스커트
long_skirt_10547.png,롱스커트
long_skirt_10554.png,롱스커트
long_skirt_10574.png,롱스커트
long_skirt_10588.png,롱스커트
long_skirt_10590.png,롱스커트
long_skirt_10591.png,롱스커트
long_skirt_10598.png,롱스커트
long_skirt_10605.png,롱스커트
long_skirt_10611.png,롱스커트
long_skirt_10612.png,롱스커트
long_skirt_10627.png,롱스커트
long_skirt_10641.png,롱스커트
long_skirt_10647.png,롱스커트
long_skirt_10648.png,롱스커트
long_skirt_10649.png,롱스커트
long_skirt_10676.png,롱스커트
long_skirt_10691.png,롱스커트
long_skirt_10706.png,롱스커트
long_skirt_10711.png,롱스커트
long_skirt_10735.png,롱스커트
long_skirt_10740.png,롱스커트
long_skirt_10742.png,롱스커트
long_skirt_k_10452.png,롱스커트
long_skirt_k_10885.png,롱스커트
long_skirt_k_10888.png,롱스커트
long_skirt_k_11179.png,롱스커트
long_skirt_k_12163.png,롱스커트
long_skirt_k_13220.png,롱스커트
long_skirt_k_13933.png,롱스커트
long_skirt_k_13934.png,롱스커트
long_skirt_k_13958.png,롱스커트
long_skirt_k_14048.png,롱스커트
long_skirt_k_14757.png,롱스커트
long_skirt_k_15029.png,롱스커트
long_skirt_k_15157.png,롱스커트
long_skirt_k_15224.png,롱스커트
long_skirt_k_15921.png,롱스커트
long_skirt_k_16439.png,롱스커트
long_skirt_k_16932.png,롱스커트
long_skirt_k_16934.png,롱스커트
long_skirt_k_16974.png,롱스커트
long_skirt_k_16976.png,롱스커트
long_skirt_k_16978.png,롱스커트
long_skirt_k_16979.png,롱스커트
long_skirt_k_17249.png,롱스커트
long_skirt_k_17388.png,롱스커트
long_skirt_k_17766.png,롱스커트
long_skirt_k_18330.png,롱스커트
long_skirt_k_18712.png,롱스커트
long_skirt_k_18748.png,롱스커트
long_skirt_k_18914.png,롱스커트
long_skirt_k_18925.png,롱스커트
long_skirt_k_19037.png,롱스커트
long_skirt_k_20247.png,롱스커트
long_skirt_k_20818.png,롱스커트
long_skirt_k_20842.png,롱스커트
long_skirt_k_20940.png,롱스커트
long_skirt_k_20960.png,롱스커트
long_skirt_k_20990.png,롱스커트
long_skirt_k_21009.png,롱스커트
long_skirt_k_21020.png,롱스커트
long_skirt_k_21030.png,롱스커트
long_skirt_k_22304.png,롱스커트
long_skirt_k_23706.png,롱스커트
long_skirt_k_25743.png,롱스커트
long_skirt_k_28968.png,롱스커트
long_skirt_k_28983.png,롱스커트
mini_skirt_10043.png,미니스커트
mini_skirt_10052.png,미니스커트
mini_skirt_10059.png,미니스커트
mini_skirt_10061.png,미니스커트
mini_skirt_10078.png,미니스커트
mini_skirt_10079.png,미니스커트
mini_skirt_10091.png,미니스커트
mini_skirt_10104.png,미니스커트
mini_skirt_10109.png,미니스커트
mini_skirt_10117.png,미니스커트
mini_skirt_10118.png,미니스커트
mini_skirt_10123.png,미니스커트
mini_skirt_10133.png,미니스커트
mini_skirt_10135.png,미니스커트
mini_skirt_10149.png,미니스커트
mini_skirt_10153.png,미니스커트
mini_skirt_10162.png,미니스커트
mini_skirt_10167.png,미니스커트
mini_skirt_10173.png,미니스커트
mini_skirt_10197.png,미니스커트
mini_skirt_10199.png,미니스커트
mini_skirt_10200.png,미니스커트
mini_skirt_10218.png,미니스커트
mini_skirt_10248.png,미니스커트
mini_skirt_10269.png,미니스커트
mini_skirt_10279.png,미니스커트
mini_skirt_10291.png,미니스커트
mini_skirt_10299.png,미니스커트
mini_skirt_10307.png,미니스커트
mini_skirt_10312.png,미니스커트
mini_skirt_10330.png,미니스커트
mini_skirt_10338.png,미니스커트
mini_skirt_10363.png,미니스커트
mini_skirt_10377.png,미니스커트
mini_skirt_10423.png,미니스커트
mini_skirt_10428.png,미니스커트
mini_skirt_10439.png,미니스커트
mini_skirt_10453.png,미니스커트
mini_skirt_10459.png,미니스커트
mini_skirt_10466.png,미니스커트
mini_skirt_10488.png,미니스커트
mini_skirt_10509.png,미니스커트
mini_skirt_10511.png,미니스커트
mini_skirt_10514.png,미니스커트
mini_skirt_10520.png,미니스커트
mini_skirt_10522.png,미니스커트
mini_skirt_10524.png,미니스커트
mini_skirt_10529.png,미니스커트
mini_skirt_10534.png,미니스커트
mini_skirt_10535.png,미니스커트
mini_skirt_10543.png,미니스커트
mini_skirt_10546.png,미니스커트
mini_skirt_10563.png,미니스커트
mini_skirt_10567.png,미니스커트
mini_skirt_10568.png,미니스커트
mini_skirt_10569.png,미니스커트
mini_skirt_10577.png,미니스커트
mini_skirt_10582.png,미니스커트
mini_skirt_10617.png,미니스커트
mini_skirt_10618.png,미니스커트
mini_skirt_10620.png,미니스커트
mini_skirt_10626.png,미니스커트
mini_skirt_10632.png,미니스커트
mini_skirt_10635.png,미니스커트
mini_skirt_10641.png,미니스커트
mini_skirt_10643.png,미니스커트
mini_skirt_10645.png,미니스커트
mini_skirt_10647.png,미니스커트
mini_skirt_10665.png,미니스커트
mini_skirt_10667.png,미니스커트
mini_skirt_10681.png,미니스커트
mini_skirt_10690.png,미니스커트
mini_skirt_10696.png,미니스커트
mini_skirt_10708.png,미니스커트
mini_skirt_10721.png,미니스커트
mini_skirt_10731.png,미니스커트
mini_skirt_10735.png,미니스커트
mini_skirt_10741.png,미니스커트
mini_skirt_10742.png,미니스커트
mini_skirt_k_10412.png,미니스커트
mini_skirt_k_11515.png,미니스커트
mini_skirt_k_11761.png,미니스커트
mini_skirt_k_12091.png,미니스커트
mini_skirt_k_12169.png,미니스커트
mini_skirt_k_12262.png,미니스커트
mini_skirt_k_12542.png,미니스커트
mini_skirt_k_12804.png,미니스커트
mini_skirt_k_13406.png,미니스커트
mini_skirt_k_13412.png,미니스커트
mini_skirt_k_16968.png,미니스커트
mini_skirt_k_16983.png,미니스커트
mini_skirt_k_24045.png,미니스커트
mini_skirt_k_24941.png,미니스커트
mini_skirt_k_24977.png,미니스커트
mini_skirt_k_26054.png,미니스커트
mini_skirt_k_27765.png,미니스커트
mini_skirt_k_28878.png,미니스커트
mini_skirt_k_28898.png,미니스커트
mini_skirt_k_28907.png,미니스커트
mini_skirt_k_28911.png,미니스커트
mini_skirt_k_28928.png,미니스커트
mini_skirt_k_28948.png,미니스커트
mini_skirt_k_28952.png,미니스커트
mini_skirt_k_29429.png,미니스커트
padding_10003.png,패딩
padding_10004.png,패딩
padding_10006.png,패딩
padding_10007.png,패딩
padding_10008.png,패딩
padding_10011.png,패딩
padding_10012.png,패딩
padding_10013.png,패딩
padding_10015.png,패딩
padding_10018.png,패딩
padding_10021.png,패딩
padding_10024.png,패딩
padding_10025.png,패딩
padding_10027.png,패딩
padding_10028.png,패딩
padding_10033.png,패딩
padding_10039.png,패딩
padding_10040.png,패딩
padding_10044.png,패딩
padding_10048.png,패딩
padding_10056.png,패딩
padding_10063.png,패딩
padding_10068.png,패딩
padding_10074.png,패딩
padding_10080.png,패딩
padding_10090.png,패딩
padding_10098.png,패딩
padding_10105.png,패딩
padding_10110.png,패딩
padding_10111.png,패딩
padding_10119.png,패딩
padding_10134.png,패딩
padding_10135.png,패딩
padding_10139.png,패딩
padding_10149.png,패딩
padding_10151.png,패딩
padding_10166.png,패딩
padding_10170.png,패딩
padding_10183.png,패딩
padding_10184.png,패딩
padding_10187.png,패딩
padding_10192.png,패딩
padding_10193.png,패딩
padding_10194.png,패딩
padding_10197.png,패딩
padding_10198.png,패딩
padding_10201.png,패딩
padding_10202.png,패딩
padding_10204.png,패딩
padding_10205.png,패딩
padding_10209.png,패딩
padding_10211.png,패딩
padding_10212.png,패딩
padding_10215.png,패딩
padding_10216.png,패딩
padding_10218.png,패딩
padding_10220.png,패딩
padding_10225.png,패딩
padding_10227.png,패딩
padding_10228.png,패딩
padding_10233.png,패딩
padding_10235.png,패딩
padding_10237.png,패딩
padding_10248.png,패딩
padding_10252.png,패딩
padding_10253.png,패딩
padding_10258.png,패딩
padding_10262.png,패딩
padding_10265.png,패딩
padding_10270.png,패딩
padding_10271.png,패딩
padding_10282.png,패딩
padding_10283.png,패딩
padding_k_10097.png,패딩
padding_k_10509.png,패딩
padding_k_10519.png,패딩
padding_k_10655.png,패딩
padding_k_10870.png,패딩
padding_k_12853.png,패딩
padding_k_12854.png,패딩
padding_k_14604.png,패딩
padding_k_15975.png,패딩
padding_k_15976.png,패딩
padding_k_15983.png,패딩
padding_k_15984.png,패딩
padding_k_15986.png,패딩
padding_k_16033.png,패딩
padding_k_16203.png,패딩
padding_k_16382.png,패딩
padding_k_17813.png,패딩
padding_k_20293.png,패딩
padding_k_20627.png,패딩
padding_k_20649.png,패딩
padding_k_20650.png,패딩
padding_k_20662.png,패딩
padding_k_20769.png,패딩
padding_k_22109.png,패딩
padding_k_22116.png,패딩
padding_k_22883.png,패딩
padding_k_25374.png,패딩
padding_k_25474.png,패딩
sleeveless_10020.png,민소매
sleeveless_10026.png,민소매
sleeveless_10027.png,민소매
sleeveless_10040.png,민소매
sleeveless_10042.png,민소매
sleeveless_10052.png,민소매
sleeveless_10075.png,민소매
sleeveless_10087.png,민소매
sleeveless_10112.png,민소매
sleeveless_10143.png,민소매
sleeveless_10148.png,민소매
sleeveless_10154.png,민소매
sleeveless_10155.png,민소매
sleeveless_10157.png,민소매
sleeveless_10170.png,민소매
sleeveless_10177.png,민소매
sleeveless_10182.png,민소매
sleeveless_10184.png,민소매
sleeveless_10185.png,민소매
sleeveless_10188.png,민소매
sleeveless_10190.png,민소매
sleeveless_10207.png,민소매
sleeveless_10255.png,민소매
sleeveless_10258.png,민소매
sleeveless_10259.png,민소매
sleeveless_10267.png,민소매
sleeveless_10274.png,민소매
sleeveless_10277.png,민소매
sleeveless_10307.png,민소매
sleeveless_10326.png,민소매
sleeveless_10337.png,민소매
sleeveless_10342.png,민소매
sleeveless_10359.png,민소매
sleeveless_10370.png,민소매
sleeveless_10384.png,민소매
sleeveless_10386.png,민소매
sleeveless_10399.png,민소매
sleeveless_10435.png,민소매
sleeveless_10449.png,민소매
sleeveless_10476.png,민소매
sleeveless_10483.png,민소매
sleeveless_10528.png,민소매
sleeveless_10552.png,민소매
sleeveless_10553.png,민소매
sleeveless_10558.png,민소매
sleeveless_10562.png,민소매
sleeveless_10574.png,민소매
sleeveless_10578.png,민소매
sleeveless_10597.png,민소매
sleeveless_10600.png,민소매
sleeveless_10601.png,민소매
sleeveless_10602.png,민소매
sleeveless_10604.png,민소매
sleeveless_10612.png,민소매
sleeveless_10618.png,민소매
sleeveless_10622.png,민소매
sleeveless_10626.png,민소매
sleeveless_10629.png,민소매
sleeveless_10634.png,민소매
sleeveless_10637.png,민소매
sleeveless_10668.png,민소매
sleeveless_10674.png,민소매
sleeveless_10678.png,민소매
sleeveless_10689.png,민소매
sleeveless_10693.png,민소매
sleeveless_10703.png,민소매
sleeveless_10713.png,민소매
sleeveless_10717.png,민소매
sleeveless_10723.png,민소매
sleeveless_10736.png,민소매
sleeveless_k_11321.png,민소매
sleeveless_k_12694.png,민소매
sleeveless_k_13196.png,민소매
sleeveless_k_13515.png,민소매
sleeveless_k_14913.png,민소매
sleeveless_k_16015.png,민소매
sleeveless_k_18943.png,민소매
sleeveless_k_18944.png,민소매
sleeveless_k_23309.png,민소매
sleeveless_k_23860.png,민소매
sleeveless_k_23941.png,민소매
sleeveless_k_23953.png,민소매
sleeveless_k_23956.png,민소매
sleeveless_k_25886.png,민소매
sleeveless_k_26082.png,민소매
sleeveless_k_26091.png,민소매
sleeveless_k_26206.png,민소매
sleeveless_k_26230.png,민소매
sleeveless_k_27718.png,민소매
sleeveless_k_29543.png,민소매
cardigan_10024.png,가디건
cardigan_10052.png,가디건
cardigan_10071.png,가디건
cardigan_10081.png,가디건
cardigan_10109.png,가디건
cardigan_10116.png,가디건
cardigan_10117.png,가디건
cardigan_10131.png,가디건
cardigan_10138.png,가디건
cardigan_10155.png,가디건
cardigan_10157.png,가디건
cardigan_10159.png,가디건
cardigan_10164.png,가디건
cardigan_10181.png,가디건
cardigan_10184.png,가디건
cardigan_10187.png,가디건
cardigan_10191.png,가디건
cardigan_10198.png,가디건
cardigan_10203.png,가디건
cardigan_10229.png,가디건
cardigan_10231.png,가디건
cardigan_10234.png,가디건
cardigan_10236.png,가디건
cardigan_10237.png,가디건
cardigan_10244.png,가디건
cardigan_10258.png,가디건
cardigan_10259.png,가디건
cardigan_10268.png,가디건
cardigan_10271.png,가디건
cardigan_10281.png,가디건
cardigan_10287.png,가디건
cardigan_10292.png,가디건
cardigan_10323.png,가디건
cardigan_10324.png,가디건
cardigan_10339.png,가디건
cardigan_10341.png,가디건
cardigan_10347.png,가디건
cardigan_10355.png,가디건
cardigan_10359.png,가디건
cardigan_10379.png,가디건
cardigan_10396.png,가디건
cardigan_10406.png,가디건
cardigan_10410.png,가디건
cardigan_10421.png,가디건
cardigan_10422.png,가디건
cardigan_10424.png,가디건
cardigan_10433.png,가디건
cardigan_10435.png,가디건
cardigan_10454.png,가디건
cardigan_10456.png,가디건
cardigan_10461.png,가디건
cardigan_10474.png,가디건
cardigan_10479.png,가디건
cardigan_10493.png,가디건
cardigan_10499.png,가디건
cardigan_10515.png,가디건
cardigan_10523.png,가디건
cardigan_10524.png,가디건
cardigan_10526.png,가디건
cardigan_10531.png,가디건
cardigan_10533.png,가디건
cardigan_10536.png,가디건
cardigan_10549.png,가디건
cardigan_10555.png,가디건
cardigan_10565.png,가디건
cardigan_10586.png,가디건
cardigan_10588.png,가디건
cardigan_10601.png,가디건
cardigan_10605.png,가디건
cardigan_10622.png,가디건
cardigan_10625.png,가디건
cardigan_10627.png,가디건
cardigan_10628.png,가디건
cardigan_10635.png,가디건
cardigan_10638.png,가디건
cardigan_10657.png,가디건
cardigan_10658.png,가디건
cardigan_10667.png,가디건
cardigan_10672.png,가디건
cardigan_10696.png,가디건
cardigan_10706.png,가디건
cardigan_10719.png,가디건
cardigan_10722.png,가디건
cardigan_10727.png,가디건
cardigan_10732.png,가디건
cardigan_10744.png,가디건
cardigan_k_10852.png,가디건
cardigan_k_11830.png,가디건
cardigan_k_12832.png,가디건
cardigan_k_15253.png,가디건
cardigan_k_15630.png,가디건
cardigan_k_16184.png,가디건
cardigan_k_16185.png,가디건
cardigan_k_17144.png,가디건
cardigan_k_17174.png,가디건
cardigan_k_17322.png,가디건
cardigan_k_17331.png,가디건
cardigan_k_17334.png,가디건
cardigan_k_18103.png,가디건
cardigan_k_18164.png,가디건
cardigan_k_18177.png,가디건
cardigan_k_19175.png,가디건
cardigan_k_20165.png,가디건
cardigan_k_20439.png,가디건
cardigan_k_20458.png,가디건
cardigan_k_20508.png,가디건
cardigan_k_21860.png,가디건
cardigan_k_22014.png,가디건
cardigan_k_22051.png,가디건
cardigan_k_22090.png,가디건
cardigan_k_22111.png,가디건
cardigan_k_22127.png,가디건
cardigan_k_22549.png,가디건
cardigan_k_22611.png,가디건
cardigan_k_22753.png,가디건
cardigan_k_25354.png,가디건
coat_10023.png,코트
coat_10039.png,코트
coat_10040.png,코트
coat_10075.png,코트
coat_10083.png,코트
coat_10099.png,코트
coat_10135.png,코트
coat_10138.png,코트
coat_10152.png,코트
coat_10168.png,코트
coat_10172.png,코트
coat_10173.png,코트
coat_10177.png,코트
coat_10191.png,코트
coat_10194.png,코트
coat_10197.png,코트
coat_10206.png,코트
coat_10213.png,코트
coat_10214.png,코트
coat_10229.png,코트
coat_10231.png,코트
coat_10233.png,코트
coat_10234.png,코트
coat_10237.png,코트
coat_10243.png,코트
coat_10247.png,코트
coat_10251.png,코트
coat_10260.png,코트
coat_10262.png,코트
coat_10277.png,코트
coat_10278.png,코트
coat_10286.png,코트
coat_10289.png,코트
coat_10291.png,코트
coat_10306.png,코트
coat_10308.png,코트
coat_10315.png,코트
coat_10318.png,코트
coat_10323.png,코트
coat_10353.png,코트
coat_10356.png,코트
coat_10358.png,코트
coat_10363.png,코트
coat_10401.png,코트
coat_10410.png,코트
coat_10414.png,코트
coat_10416.png,코트
coat_10418.png,코트
coat_10419.png,코트
coat_10420.png,코트
coat_10463.png,코트
coat_10464.png,코트
coat_10489.png,코트
coat_10504.png,코트
coat_10506.png,코트
coat_10508.png,코트
coat_10548.png,코트
coat_10551.png,코트
coat_10558.png,코트
coat_10560.png,코트
coat_10582.png,코트
coat_10600.png,코트
coat_10617.png,코트
coat_10627.png,코트
coat_10630.png,코트
coat_10632.png,코트
coat_10634.png,코트
coat_10666.png,코트
coat_10673.png,코트
coat_10677.png,코트
coat_10684.png,코트
coat_10690.png,코트
coat_10691.png,코트
coat_10699.png,코트
coat_10714.png,코트
coat_10726.png,코트
coat_k_10152.png,코트
coat_k_12397.png,코트
coat_k_14712.png,코트
coat_k_15457.png,코트
coat_k_16053.png,코트
coat_k_16364.png,코트
coat_k_17031.png,코트
coat_k_17089.png,코트
coat_k_18317.png,코트
coat_k_20236.png,코트
coat_k_20252.png,코트
coat_k_20255.png,코트
coat_k_20534.png,코트
coat_k_22470.png,코트
coat_k_22862.png,코트
coat_k_25483.png,코트
coat_k_25496.png,코트
coat_k_25504.png,코트
half-sleeve_10011.png,반팔티
half-sleeve_10019.png,반팔티
half-sleeve_10032.png,반팔티
half-sleeve_10038.png,반팔티
half-sleeve_10054.png,반팔티
half-sleeve_10056.png,반팔티
half-sleeve_10062.png,반팔티
half-sleeve_10063.png,반팔티
half-sleeve_10071.png,반팔티
half-sleeve_10082.png,반팔티
half-sleeve_10085.png,반팔티
half-sleeve_10087.png,반팔티
half-sleeve_10091.png,반팔티
half-sleeve_10093.png,반팔티
half-sleeve_10095.png,반팔티
half-sleeve_10114.png,반팔티
half-sleeve_10124.png,반팔티
half-sleeve_10130.png,반팔티
half-sleeve_10138.png,반팔티
half-sleeve_10140.png,반팔티
half-sleeve_10145.png,반팔티
half-sleeve_10149.png,반팔티
half-sleeve_10165.png,반팔티
half-sleeve_10185.png,반팔티
half-sleeve_10186.png,반팔티
half-sleeve_10190.png,반팔티
half-sleeve_10212.png,반팔티
half-sleeve_10224.png,반팔티
half-sleeve_10230.png,반팔티
half-sleeve_10232.png,반팔티
half-sleeve_10237.png,반팔티
half-sleeve_10239.png,반팔티
half-sleeve_10240.png,반팔티
half-sleeve_10241.png,반팔티
half-sleeve_10245.png,반팔티
half-sleeve_10251.png,반팔티
half-sleeve_10258.png,반팔티
half-sleeve_10260.png,반팔티
half-sleeve_10266.png,반팔티
half-sleeve_10274.png,반팔티
half-sleeve_10275.png,반팔티
half-sleeve_10276.png,반팔티
half-sleeve_10277.png,반팔티
half-sleeve_10284.png,반팔티
half-sleeve_10286.png,반팔티
half-sleeve_10288.png,반팔티
half-sleeve_10289.png,반팔티
half-sleeve_10290.png,반팔티
half-sleeve_10294.png,반팔티
half-sleeve_10296.png,반팔티
half-sleeve_10298.png,반팔티
half-sleeve_10301.png,반팔티
half-sleeve_10302.png,반팔티
half-sleeve_10309.png,반팔티
half-sleeve_10311.png,반팔티
half-sleeve_10313.png,반팔티
half-sleeve_10318.png,반팔티
half-sleeve_10324.png,반팔티
half-sleeve_10325.png,반팔티
half-sleeve_10327.png,반팔티
half-sleeve_10328.png,반팔티
half-sleeve_10330.png,반팔티
half-sleeve_10335.png,반팔티
half-sleeve_10336.png,반팔티
half-sleeve_10337.png,반팔티
half-sleeve_10342.png,반팔티
half-sleeve_10344.png,반팔티
half-sleeve_10348.png,반팔티
half-sleeve_10350.png,반팔티
half-sleeve_10351.png,반팔티
half-sleeve_10363.png,반팔티
half-sleeve_10370.png,반팔티
half-sleeve_10375.png,반팔티
half-sleeve_10380.png,반팔티
half-sleeve_10381.png,반팔티
half-sleeve_10388.png,반팔티
half-sleeve_10390.png,반팔티
half-sleeve_10402.png,반팔티
half-sleeve_10407.png,반팔티
half-sleeve_10408.png,반팔티
half-sleeve_10409.png,반팔티
half-sleeve_10415.png,반팔티
half-sleeve_10417.png,반팔티
half-sleeve_10419.png,반팔티
half-sleeve_10443.png,반팔티
half-sleeve_10445.png,반팔티
half-sleeve_10447.png,반팔티
half-sleeve_10450.png,반팔티
half-sleeve_10452.png,반팔티
half-sleeve_10454.png,반팔티
half-sleeve_10457.png,반팔티
half-sleeve_10463.png,반팔티
half-sleeve_10465.png,반팔티
half-sleeve_10470.png,반팔티
half-sleeve_10473.png,반팔티
half-sleeve_10481.png,반팔티
half-sleeve_10482.png,반팔티
half-sleeve_10485.png,반팔티
half-sleeve_10487.png,반팔티
half-sleeve_10490.png,반팔티
half-sleeve_10493.png,반팔티
half-sleeve_10500.png,반팔티
half-sleeve_10503.png,반팔티
half-sleeve_10514.png,반팔티
half-sleeve_10516.png,반팔티
half-sleeve_10522.png,반팔티
half-sleeve_10525.png,반팔티
half-sleeve_10530.png,반팔티
half-sleeve_10531.png,반팔티
half-sleeve_10545.png,반팔티
half-sleeve_10546.png,반팔티
half-sleeve_10548.png,반팔티
half-sleeve_10549.png,반팔티
half-sleeve_10550.png,반팔티
half-sleeve_10555.png,반팔티
half-sleeve_10557.png,반팔티
half-sleeve_10562.png,반팔티
half-sleeve_10565.png,반팔티
half-sleeve_10571.png,반팔티
half-sleeve_10578.png,반팔티
half-sleeve_10587.png,반팔티
half-sleeve_10589.png,반팔티
half-sleeve_10601.png,반팔티
half-sleeve_10606.png,반팔티
half-sleeve_10608.png,반팔티
half-sleeve_10613.png,반팔티
half-sleeve_10614.png,반팔티
half-sleeve_10617.png,반팔티
half-sleeve_10622.png,반팔티
half-sleeve_10623.png,반팔티
half-sleeve_10626.png,반팔티
half-sleeve_10630.png,반팔티
half-sleeve_10634.png,반팔티
half-sleeve_10640.png,반팔티
half-sleeve_10644.png,반팔티
half-sleeve_10647.png,반팔티
half-sleeve_10653.png,반팔티
half-sleeve_10658.png,반팔티
half-sleeve_10661.png,반팔티
half-sleeve_10666.png,반팔티
half-sleeve_10669.png,반팔티
half-sleeve_10673.png,반팔티
half-sleeve_10674.png,반팔티
half-sleeve_10675.png,반팔티
half-sleeve_10676.png,반팔티
half-sleeve_10683.png,반팔티
half-sleeve_10685.png,반팔티
half-sleeve_10694.png,반팔티
half-sleeve_10698.png,반팔티
half-sleeve_10700.png,반팔티
half-sleeve_10703.png,반팔티
half-sleeve_10706.png,반팔티
half-sleeve_10712.png,반팔티
half-sleeve_10715.png,반팔티
half-sleeve_10718.png,반팔티
half-sleeve_10721.png,반팔티
half-sleeve_10723.png,반팔티
half-sleeve_10724.png,반팔티
half-sleeve_10726.png,반팔티
half_sleeve_k_10752.png,반팔티
half_sleeve_k_10776.png,반팔티
half_sleeve_k_11692.png,반팔티
half_sleeve_k_11715.png,반팔티
half_sleeve_k_12030.png,반팔티
half_sleeve_k_12041.png,반팔티
half_sleeve_k_12741.png,반팔티
half_sleeve_k_12749.png,반팔티
half_sleeve_k_12965.png,반팔티
half_sleeve_k_13200.png,반팔티
half_sleeve_k_13389.png,반팔티
half_sleeve_k_13673.png,반팔티
half_sleeve_k_14267.png,반팔티
half_sleeve_k_14286.png,반팔티
half_sleeve_k_14528.png,반팔티
half_sleeve_k_15033.png,반팔티
half_sleeve_k_15081.png,반팔티
half_sleeve_k_15460.png,반팔티
half_sleeve_k_15999.png,반팔티
half_sleeve_k_16248.png,반팔티
half_sleeve_k_16773.png,반팔티
half_sleeve_k_16885.png,반팔티
half_sleeve_k_18056.png,반팔티
half_sleeve_k_18247.png,반팔티
half_sleeve_k_18848.png,반팔티
half_sleeve_k_19114.png,반팔티
half_sleeve_k_19121.png,반팔티
half_sleeve_k_19227.png,반팔티
half_sleeve_k_19545.png,반팔티
half_sleeve_k_20336.png,반팔티
half_sleeve_k_20370.png,반팔티
half_sleeve_k_20518.png,반팔티
half_sleeve_k_20595.png,반팔티
half_sleeve_k_21671.png,반팔티
half_sleeve_k_21788.png,반팔티
half_sleeve_k_23214.png,반팔티
half_sleeve_k_23267.png,반팔티
half_sleeve_k_23315.png,반팔티
half_sleeve_k_23366.png,반팔티
half_sleeve_k_23674.png,반팔티
half_sleeve_k_23772.png,반팔티
half_sleeve_k_23887.png,반팔티
half_sleeve_k_23911.png,반팔티
half_sleeve_k_23927.png,반팔티
half_sleeve_k_23929.png,반팔티
half_sleeve_k_24003.png,반팔티
half_sleeve_k_24158.png,반팔티
half_sleeve_k_24173.png,반팔티
half_sleeve_k_24198.png,반팔티
half_sleeve_k_24735.png,반팔티
half_sleeve_k_24851.png,반팔티
half_sleeve_k_25327.png,반팔티
half_sleeve_k_25337.png,반팔티
half_sleeve_k_25457.png,반팔티
half_sleeve_k_26122.png,반팔티
half_sleeve_k_26130.png,반팔티
half_sleeve_k_26133.png,반팔티
half_sleeve_k_26134.png,반팔티
half_sleeve_k_26226.png,반팔티
half_sleeve_k_26231.png,반팔티
half_sleeve_k_26281.png,반팔티
half_sleeve_k_26294.png,반팔티
half_sleeve_k_26427.png,반팔티
half_sleeve_k_26538.png,반팔티
half_sleeve_k_26539.png,반팔티
half_sleeve_k_26576.png,반팔티
half_sleeve_k_27069.png,반팔티
half_sleeve_k_27116.png,반팔티
half_sleeve_k_27130.png,반팔티
half_sleeve_k_27781.png,반팔티
half_sleeve_k_29484.png,반팔티
hoodie_k_24409.png,후드티
hoodie_k_24490.png,후드티
hoodie_k_24611.png,후드티
hoodie_k_24644.png,후드티
hoodie_k_24711.png,후드티
hoodie_k_25908.png,후드티
hoodie_k_26044.png,후드티
hoody_10002.png,후드티
hoody_10005.png,후드티
hoody_10007.png,후드티
hoody_10010.png,후드티
hoody_10013.png,후드티
hoody_10014.png,후드티
hoody_10016.png,후드티
hoody_10020.png,후드티
hoody_10021.png,후드티
hoody_10029.png,후드티
hoody_10033.png,후드티
hoody_10037.png,후드티
hoody_10041.png,후드티
hoody_10043.png,후드티
hoody_10044.png,후드티
hoody_10045.png,후드티
hoody_10050.png,후드티
hoody_10054.png,후드티
hoody_10061.png,후드티
hoody_10065.png,후드티
hoody_10067.png,후드티
hoody_10069.png,후드티
hoody_10070.png,후드티
hoody_10071.png,후드티
hoody_10073.png,후드티
hoody_10074.png,후드티
hoody_10078.png,후드티
hoody_10079.png,후드티
hoody_10081.png,후드티
hoody_10083.png,후드티
hoody_10084.png,후드티
hoody_10086.png,후드티
hoody_10090.png,후드티
hoody_10091.png,후드티
hoody_10093.png,후드티
hoody_10094.png,후드티
hoody_10097.png,후드티
hoody_10105.png,후드티
hoody_10107.png,후드티
hoody_10112.png,후드티
hoody_10113.png,후드티
hoody_10119.png,후드티
hoody_10120.png,후드티
hoody_10121.png,후드티
hoody_10123.png,후드티
hoody_10124.png,후드티
hoody_10130.png,후드티
hoody_10131.png,후드티
hoody_10139.png,후드티
hoody_10140.png,후드티
hoody_10141.png,후드티
hoody_10142.png,후드티
hoody_10146.png,후드티
hoody_10147.png,후드티
hoody_10148.png,후드티
hoody_10150.png,후드티
hoody_10158.png,후드티
hoody_10159.png,후드티
hoody_10161.png,후드티
hoody_10163.png,후드티
hoody_10164.png,후드티
hoody_10165.png,후드티
hoody_10168.png,후드티
hoody_10169.png,후드티
hoody_10178.png,후드티
hoody_10184.png,후드티
hoody_10186.png,후드티
hoody_10187.png,후드티
hoody_10188.png,후드티
hoody_10189.png,후드티
hoody_10190.png,후드티
hoody_10195.png,후드티
hoody_10196.png,후드티
hoody_10202.png,후드티
hoody_10204.png,후드티
hoody_10206.png,후드티
hoody_10207.png,후드티
hoody_10211.png,후드티
hoody_10212.png,후드티
hoody_10214.png,후드티
hoody_10215.png,후드티
hoody_10216.png,후드티
hoody_10218.png,후드티
hoody_10219.png,후드티
hoody_10228.png,후드티
hoody_10229.png,후드티
hoody_10233.png,후드티
hoody_10234.png,후드티
hoody_10235.png,후드티
hoody_10238.png,후드티
hoody_10239.png,후드티
hoody_10240.png,후드티
hoody_10241.png,후드티
hoody_10246.png,후드티
hoody_10247.png,후드티
hoody_10248.png,후드티
hoody_10249.png,후드티
hoody_10253.png,후드티
hoody_10259.png,후드티
hoody_10260.png,후드티
hoody_10263.png,후드티
hoody_10264.png,후드티
hoody_10268.png,후드티
hoody_10271.png,후드티
hoody_10273.png,후드티
hoody_10276.png,후드티
hoody_10277.png,후드티
hoody_10281.png,후드티
hoody_10282.png,후드티
hoody_10283.png,후드티
hoody_10284.png,후드티
hoody_10285.png,후드티
hoody_10288.png,후드티
hoody_10291.png,후드티
hoody_10292.png,후드티
hoody_10294.png,후드티
hoody_10295.png,후드티
hoody_10296.png,후드티
hoody_10301.png,후드티
hoody_10302.png,후드티
hoody_10303.png,후드티
hoody_10305.png,후드티
hoody_10306.png,후드티
hoody_10307.png,후드티
hoody_10308.png,후드티
hoody_10310.png,후드티
hoody_10311.png,후드티
hoody_10316.png,후드티
hoody_10317.png,후드티
hoody_10318.png,후드티
hoody_10324.png,후드티
hoody_10327.png,후드티
hoody_10330.png,후드티
hoody_10331.png,후드티
hoody_10333.png,후드티
hoody_10336.png,후드티
hoody_10337.png,후드티
hoody_10338.png,후드티
hoody_10344.png,후드티
hoody_10345.png,후드티
hoody_10349.png,후드티
hoody_10350.png,후드티
hoody_10353.png,후드티
hoody_10354.png,후드티
hoody_10355.png,후드티
hoody_10356.png,후드티
hoody_10361.png,후드티
hoody_10362.png,후드티
hoody_10363.png,후드티
hoody_10367.png,후드티
hoody_10368.png,후드티
hoody_10369.png,후드티
hoody_10370.png,후드티
hoody_10371.png,후드티
hoody_10374.png,후드티
hoody_10375.png,후드티
hoody_10380.png,후드티
hoody_10381.png,후드티
hoody_10382.png,후드티
hoody_10383.png,후드티
hoody_10395.png,후드티
hoody_10397.png,후드티
hoody_10402.png,후드티
hoody_10403.png,후드티
hoody_10405.png,후드티
hoody_10407.png,후드티
hoody_10410.png,후드티
hoody_10411.png,후드티
hoody_10412.png,후드티
hoody_10414.png,후드티
hoody_10416.png,후드티
hoody_10418.png,후드티
hoody_10419.png,후드티
hoody_10420.png,후드티
hoody_10424.png,후드티
hoody_10426.png,후드티
hoody_10428.png,후드티
hoody_10429.png,후드티
hoody_10430.png,후드티
hoody_10432.png,후드티
hoody_10435.png,후드티
hoody_10436.png,후드티
hoody_10438.png,후드티
hoody_10439.png,후드티
hoody_10441.png,후드티
hoody_10442.png,후드티
hoody_10443.png,후드티
hoody_10445.png,후드티
hoody_10446.png,후드티
hoody_10448.png,후드티
hoody_10449.png,후드티
hoody_10457.png,후드티
hoody_10459.png,후드티
hoody_10462.png,후드티
hoody_10464.png,후드티
jacket_k_16999.png,재킷
jacket_k_17008.png,재킷
jacket_k_18909.png,재킷
jacket_k_19180.png,재킷
jacket_k_21192.png,재킷
jacket_k_22517.png,재킷
jacket_k_22693.png,재킷
jacket_k_22798.png,재킷
jacket_k_22802.png,재킷
jacket_k_28034.png,재킷
jacket_k_28068.png,재킷
jacket_k_28074.png,재킷
onepiece_10095.png,원피스
onepiece_10100.png,원피스
onepiece_10136.png,원피스
onepiece_10157.png,원피스
onepiece_10226.png,원피스
onepiece_10232.png,원피스
onepiece_10252.png,원피스
onepiece_10271.png,원피스
onepiece_10333.png,원피스
onepiece_10404.png,원피스
onepiece_10413.png,원피스
onepiece_10416.png,원피스
onepiece_10427.png,원피스
onepiece_10435.png,원피스
onepiece_10479.png,원피스
onepiece_10491.png,원피스
onepiece_10500.png,원피스
onepiece_10534.png,원피스
onepiece_10579.png,원피스
onepiece_10599.png,원피스
onepiece_10636.png,원피스
onepiece_10651.png,원피스
onepiece_10653.png,원피스
onepiece_10667.png,원피스
onepiece_10668.png,원피스
onepiece_10677.png,원피스
onepiece_10695.png,원피스
onepiece_10714.png,원피스
onepiece_k_10787.png,원피스
onepiece_k_11457.png,원피스
onepiece_k_11546.png,원피스
onepiece_k_11547.png,원피스
onepiece_k_11549.png,원피스
onepiece_k_12094.png,원피스
onepiece_k_13224.png,원피스
onepiece_k_13257.png,원피스
onepiece_k_13260.png,원피스
onepiece_k_13574.png,원피스
onepiece_k_13596.png,원피스
onepiece_k_13612.png,원피스
onepiece_k_14194.png,원피스
onepiece_k_14732.png,원피스
onepiece_k_14759.png,원피스
onepiece_k_14817.png,원피스
onepiece_k_15120.png,원피스
onepiece_k_15692.png,원피스
onepiece_k_16074.png,원피스
onepiece_k_16077.png,원피스
onepiece_k_16251.png,원피스
onepiece_k_16347.png,원피스
onepiece_k_16446.png,원피스
onepiece_k_17022.png,원피스
onepiece_k_17385.png,원피스
onepiece_k_17398.png,원피스
onepiece_k_17410.png,원피스
onepiece_k_17593.png,원피스
onepiece_k_18573.png,원피스
onepiece_k_19021.png,원피스
onepiece_k_19055.png,원피스
onepiece_k_19073.png,원피스
onepiece_k_19090.png,원피스
onepiece_k_19116.png,원피스
onepiece_k_19134.png,원피스
onepiece_k_19164.png,원피스
onepiece_k_19282.png,원피스
onepiece_k_19293.png,원피스
onepiece_k_20509.png,원피스
onepiece_k_20588.png,원피스
onepiece_k_20849.png,원피스
onepiece_k_21123.png,원피스
onepiece_k_21144.png,원피스
onepiece_k_21188.png,원피스
onepiece_k_22315.png,원피스
onepiece_k_26671.png,원피스
onepiece_k_26681.png,원피스
onepiece_k_26733.png,원피스
onepiece_k_26769.png,원피스
onepiece_k_26782.png,원피스
onepiece_k_26787.png,원피스
onepiece_k_26799.png,원피스
onepiece_k_26808.png,원피스
onepiece_k_26829.png,원피스
onepiece_k_26883.png,원피스
onepiece_k_26896.png,원피스
onepiece_k_26943.png,원피스
onepiece_k_26944.png,원피스
onepiece_k_26952.png,원피스
onepiece_k_26954.png,원피스
onepiece_k_26961.png,원피스
onepiece_k_26993.png,원피스
onepiece_k_27009.png,원피스
onepiece_k_27312.png,원피스
onepiece_k_27317.png,원피스
onepiece_k_27318.png,원피스
onepiece_k_27320.png,원피스
onepiece_k_27322.png,원피스
onepiece_k_27329.png,원피스
onepiece_k_27330.png,원피스
onepiece_k_27337.png,원피스
onepiece_k_27341.png,원피스
onepiece_k_27345.png,원피스
onepiece_k_27464.png,원피스
onepiece_k_27491.png,원피스
onepiece_k_27496.png,원피스
onepiece_k_27505.png,원피스
onepiece_k_27510.png,원피스
onepiece_k_27532.png,원피스
onepiece_k_27533.png,원피스
onepiece_k_29631.png,원피스
onepiece_k_29798.png,원피스
onepiece_k_29832.png,원피스
onepiece_k_30003.png,원피스
onepiece_k_30005.png,원피스
onepiece_k_30017.png,원피스
onepiece_k_30019.png,원피스
onepiece_k_30043.png,원피스
onepiece_k_30079.png,원피스
onepiece_k_30081.png,원피스
onepiece_k_30197.png,원피스
onepiece_k_30205.png,원피스
onepiece_k_30207.png,원피스
onepiece_k_30210.png,원피스
onepiece_k_30211.png,원피스
onepiece_k_30212.png,원피스
onepiece_k_30213.png,원피스
onepiece_k_30214.png,원피스
onepiece_k_30215.png,원피스
onepiece_k_30219.png,원피스
onepiece_k_30223.png,원피스
onepiece_k_30224.png,원피스
onepiece_k_30226.png,원피스
onepiece_k_30227.png,원피스
onepiece_k_30228.png,원피스
onepiece_k_30229.png,원피스
onepiece_k_30230.png,원피스
onepiece_k_30231.png,원피스
onepiece_k_30234.png,원피스
onepiece_k_30243.png,원피스
onepiece_k_30244.png,원피스
onepiece_k_30245.png,원피스
onepiece_k_30246.png,원피스
onepiece_k_30247.png,원피스
onepiece_k_30248.png,원피스
onepiece_k_30251.png,원피스
onepiece_k_30353.png,원피스
onepiece_k_30368.png,원피스
onepiece_k_30374.png,원피스
onepiece_k_30375.png,원피스
onepiece_k_30377.png,원피스
onepiece_k_30382.png,원피스
onepiece_k_30513.png,원피스
onepiece_k_30631.png,원피스
onepiece_k_30632.png,원피스
onepiece_k_30647.png,원피스
onepiece_k_30651.png,원피스
onepiece_k_30730.png,원피스
onepiece_k_30739.png,원피스
onepiece_k_30742.png,원피스
onepiece_k_30746.png,원피스
onepiece_k_30750.png,원피스
onepiece_k_30751.png,원피스
onepiece_k_30752.png,원피스
onepiece_k_30758.png,원피스
onepiece_k_30760.png,원피스
onepiece_k_30761.png,원피스
onepiece_k_30762.png,원피스
onepiece_k_30765.png,원피스
onepiece_k_30776.png,원피스
onepiece_k_30828.png,원피스
onepiece_k_30867.png,원피스
onepiece_k_30869.png,원피스
onepiece_k_30955.png,원피스
onepiece_k_30963.png,원피스
onepiece_k_30964.png,원피스
onepiece_k_30965.png,원피스
onepiece_k_30977.png,원피스
onepiece_k_30978.png,원피스
onepiece_k_30990.png,원피스
onepiece_k_31001.png,원피스
onepiece_k_31008.png,원피스
onepiece_k_31017.png,원피스
onepiece_k_31024.png,원피스
onepiece_k_31062.png,원피스
onepiece_k_31071.png,원피스
onepiece_k_31075.png,원피스
onepiece_k_31077.png,원피스
onepiece_k_31080.png,원피스
onepiece_k_31086.png,원피스
onepiece_k_31090.png,원피스
onepiece_k_31094.png,원피스
onepiece_k_31103.png,원피스
onepiece_k_31110.png,원피스
onepiece_k_31111.png,원피스
onepiece_k_31116.png,원피스
onepiece_k_31117.png,원피스
onepiece_k_31118.png,원피스
onepiece_k_31126.png,원피스
onepiece_k_31129.png,원피스
onepiece_k_31133.png,원피스
onepiece_k_31147.png,원피스
onepiece_k_31151.png,원피스
onepiece_k_31155.png,원피스
onepiece_k_31161.png,원피스
onepiece_k_31163.png,원피스
onepiece_k_31171.png,원피스
onepiece_k_31172.png,원피스
onepiece_k_31173.png,원피스
onepiece_k_31177.png,원피스
onepiece_k_31179.png,원피스
onepiece_k_31195.png,원피스
onepiece_k_31439.png,원피스
onepiece_k_31440.png,원피스
onepiece_k_31442.png,원피스
onepiece_k_31444.png,원피스
onepiece_k_31456.png,원피스
onepiece_k_31457.png,원피스
onepiece_k_31462.png,원피스
onepiece_k_31465.png,원피스
onepiece_k_31476.png,원피스
onepiece_k_31480.png,원피스
onepiece_k_31481.png,원피스
onepiece_k_31483.png,원피스
onepiece_k_31485.png,원피스
onepiece_k_31486.png,원피스
onepiece_k_31538.png,원피스
onepiece_k_31542.png,원피스
onepiece_k_31543.png,원피스
onepiece_k_31544.png,원피스
onepiece_k_31545.png,원피스
onepiece_k_31546.png,원피스
onepiece_k_31547.png,원피스
onepiece_k_31593.png,원피스
onepiece_k_31640.png,원피스
onepiece_k_31729.png,원피스
onepiece_k_31788.png,원피스
onepiece_k_31818.png,원피스
onepiece_k_31828.png,원피스
onepiece_k_31844.png,원피스
onepiece_k_31891.png,원피스
onepiece_k_31894.png,원피스
onepiece_k_31898.png,원피스
onepiece_k_31920.png,원피스
onepiece_k_31925.png,원피스
onepiece_k_31935.png,원피스
onepiece_k_31951.png,원피스
onepiece_k_31971.png,원피스
onepiece_k_31974.png,원피스
onepiece_k_31978.png,원피스
onepiece_k_31980.png,원피스
onepiece_k_31993.png,원피스
onepiece_k_32010.png,원피스
onepiece_k_32012.png,원피스
onepiece_k_32061.png,원피스
onepiece_k_32064.png,원피스
onepiece_k_32098.png,원피스
onepiece_k_32101.png,원피스
onepiece_k_32104.png,원피스
onepiece_k_32105.png,원피스
onepiece_k_32106.png,원피스
onepiece_k_32110.png,원피스
onepiece_k_32112.png,원피스
onepiece_k_32162.png,원피스
onepiece_k_32165.png,원피스
onepiece_k_32256.png,원피스
onepiece_k_32261.png,원피스
onepiece_k_32273.png,원피스
onepiece_k_32276.png,원피스
onepiece_k_32285.png,원피스
onepiece_k_32305.png,원피스
onepiece_k_32322.png,원피스
onepiece_k_32332.png,원피스
onepiece_k_32336.png,원피스
onepiece_k_32343.png,원피스
onepiece_k_32347.png,원피스
onepiece_k_32387.png,원피스
onepiece_k_32405.png,원피스
onepiece_k_32476.png,원피스
onepiece_k_32483.png,원피스
onepiece_k_32500.png,원피스
onepiece_k_32507.png,원피스
onepiece_k_32513.png,원피스
onepiece_k_32514.png,원피스
onepiece_k_32542.png,원피스
onepiece_k_32543.png,원피스
onepiece_k_32544.png,원피스
onepiece_k_32545.png,원피스
onepiece_k_32546.png,원피스
onepiece_k_32547.png,원피스
onepiece_k_32548.png,원피스
onepiece_k_32549.png,원피스
onepiece_k_32550.png,원피스
onepiece_k_32552.png,원피스
onepiece_k_32556.png,원피스
onepiece_k_32557.png,원피스
onepiece_k_32559.png,원피스
onepiece_k_32560.png,원피스
onepiece_k_32564.png,원피스
onepiece_k_32566.png,원피스
onepiece_k_32577.png,원피스
onepiece_k_32595.png,원피스
onepiece_k_32599.png,원피스
onepiece_k_32631.png,원피스
onepiece_k_32649.png,원피스
onepiece_k_32750.png,원피스
onepiece_k_32790.png,원피스
onepiece_k_32814.png,원피스
onepiece_k_32815.png,원피스
onepiece_k_32820.png,원피스
onepiece_k_32821.png,원피스
onepiece_k_32835.png,원피스
onepiece_k_32867.png,원피스
onepiece_k_32870.png,원피스
onepiece_k_32880.png,원피스
onepiece_k_32884.png,원피스
onepiece_k_32908.png,원피스
onepiece_k_32937.png,원피스
onepiece_k_32938.png,원피스
onepiece_k_32975.png,원피스
onepiece_k_33002.png,원피스
onepiece_k_33029.png,원피스
onepiece_k_33031.png,원피스
onepiece_k_33040.png,원피스
onepiece_k_33041.png,원피스
onepiece_k_33045.png,원피스
onepiece_k_33047.png,원피스
onepiece_k_33048.png,원피스
onepiece_k_33066.png,원피스
onepiece_k_33069.png,원피스
onepiece_k_33077.png,원피스
onepiece_k_33139.png,원피스
onepiece_k_33143.png,원피스
onepiece_k_33145.png,원피스
onepiece_k_33147.png,원피스
onepiece_k_33150.png,원피스
onepiece_k_33153.png,원피스
onepiece_k_33158.png,원피스
onepiece_k_33161.png,원피스
onepiece_k_33163.png,원피스
onepiece_k_33164.png,원피스
onepiece_k_33166.png,원피스
onepiece_k_33174.png,원피스
onepiece_k_33176.png,원피스
onepiece_k_33178.png,원피스
onepiece_k_33183.png,원피스
onepiece_k_33184.png,원피스
onepiece_k_33224.png,원피스
onepiece_k_33236.png,원피스
onepiece_k_33237.png,원피스
onepiece_k_33308.png,원피스
onepiece_k_33334.png,원피스
onepiece_k_33356.png,원피스
onepiece_k_33375.png,원피스
onepiece_k_33378.png,원피스
onepiece_k_33443.png,원피스
onepiece_k_33452.png,원피스
onepiece_k_33457.png,원피스
onepiece_k_33463.png,원피스
onepiece_k_33468.png,원피스
onepiece_k_33469.png,원피스
onepiece_k_33470.png,원피스
onepiece_k_33475.png,원피스
onepiece_k_33480.png,원피스
onepiece_k_33487.png,원피스
onepiece_k_33494.png,원피스
onepiece_k_33496.png,원피스
onepiece_k_33498.png,원피스
onepiece_k_33501.png,원피스
onepiece_k_33502.png,원피스
onepiece_k_33505.png,원피스
onepiece_k_33507.png,원피스
onepiece_k_33525.png,원피스
onepiece_k_33528.png,원피스
onepiece_k_33530.png,원피스
onepiece_k_33536.png,원피스
onepiece_k_33537.png,원피스
onepiece_k_33568.png,원피스
onepiece_k_33571.png,원피스
onepiece_k_33574.png,원피스
onepiece_k_33576.png,원피스
onepiece_k_33698.png,원피스
onepiece_k_33896.png,원피스
onepiece_k_33928.png,원피스
onepiece_k_33930.png,원피스
onepiece_k_33946.png,원피스
onepiece_k_33959.png,원피스
onepiece_k_33961.png,원피스
onepiece_k_33982.png,원피스
onepiece_k_34022.png,원피스
onepiece_k_34035.png,원피스
onepiece_k_34039.png,원피스
onepiece_k_34075.png,원피스
onepiece_k_34624.png,원피스
onepiece_k_34673.png,원피스
onepiece_k_34728.png,원피스
onepiece_k_34807.png,원피스
onepiece_k_34818.png,원피스
onepiece_k_34860.png,원피스
onepiece_k_34902.png,원피스
onepiece_k_35293.png,원피스
onepiece_k_35345.png,원피스
onepiece_k_35447.png,원피스
onepiece_k_35612.png,원피스
onepiece_k_35918.png,원피스
onepiece_k_36273.png,원피스
onepiece_k_36294.png,원피스
onepiece_k_36624.png,원피스
onepiece_k_36713.png,원피스
onepiece_k_36794.png,원피스
onepiece_k_36894.png,원피스
onepiece_k_37061.png,원피스
onepiece_k_37151.png,원피스
onepiece_k_37159.png,원피스
onepiece_k_37165.png,원피스
onepiece_k_37314.png,원피스
onepiece_k_37341.png,원피스
pants_10012.png,긴바지
pants_10025.png,긴바지
pants_10027.png,긴바지
pants_10028.png,긴바지
pants_10034.png,긴바지
pants_10041.png,긴바지
pants_10043.png,긴바지
pants_10047.png,긴바지
pants_10062.png,긴바지
pants_10063.png,긴바지
pants_10085.png,긴바지
pants_10094.png,긴바지
pants_10095.png,긴바지
pants_10107.png,긴바지
pants_10108.png,긴바지
pants_10113.png,긴바지
pants_10115.png,긴바지
pants_10123.png,긴바지
pants_10129.png,긴바지
pants_10137.png,긴바지
pants_10142.png,긴바지
pants_10148.png,긴바지
pants_10150.png,긴바지
pants_10156.png,긴바지
pants_10170.png,긴바지
pants_10183.png,긴바지
pants_10188.png,긴바지
pants_10213.png,긴바지
pants_10220.png,긴바지
pants_10221.png,긴바지
pants_10234.png,긴바지
pants_10235.png,긴바지
pants_10236.png,긴바지
pants_10238.png,긴바지
pants_10249.png,긴바지
pants_10250.png,긴바지
pants_10252.png,긴바지
pants_10254.png,긴바지
pants_10255.png,긴바지
pants_10256.png,긴바지
pants_10260.png,긴바지
pants_10264.png,긴바지
pants_10267.png,긴바지
pants_10268.png,긴바지
pants_10271.png,긴바지
pants_10273.png,긴바지
pants_10278.png,긴바지
pants_10279.png,긴바지
pants_10284.png,긴바지
pants_10286.png,긴바지
pants_10308.png,긴바지
pants_10311.png,긴바지
pants_10313.png,긴바지
pants_10316.png,긴바지
pants_10319.png,긴바지
pants_10323.png,긴바지
pants_10324.png,긴바지
pants_10326.png,긴바지
pants_10333.png,긴바지
pants_10337.png,긴바지
pants_10342.png,긴바지
pants_10344.png,긴바지
pants_10353.png,긴바지
pants_10357.png,긴바지
pants_10359.png,긴바지
pants_10364.png,긴바지
pants_10365.png,긴바지
pants_10367.png,긴바지
pants_10374.png,긴바지
pants_10380.png,긴바지
pants_10389.png,긴바지
pants_10392.png,긴바지
pants_10393.png,긴바지
pants_10397.png,긴바지
pants_10403.png,긴바지
pants_10406.png,긴바지
pants_10408.png,긴바지
pants_10415.png,긴바지
pants_10418.png,긴바지
pants_10419.png,긴바지
pants_10420.png,긴바지
pants_10427.png,긴바지
pants_10430.png,긴바지
pants_10436.png,긴바지
pants_10445.png,긴바지
pants_10449.png,긴바지
pants_10450.png,긴바지
pants_10452.png,긴바지
pants_10453.png,긴바지
pants_10454.png,긴바지
pants_10457.png,긴바지
pants_10462.png,긴바지
pants_10463.png,긴바지
pants_10466.png,긴바지
pants_10470.png,긴바지
pants_10472.png,긴바지
pants_10473.png,긴바지
pants_10474.png,긴바지
pants_10480.png,긴바지
pants_10484.png,긴바지
pants_10485.png,긴바지
pants_10486.png,긴바지
pants_10492.png,긴바지
pants_10493.png,긴바지
pants_10499.png,긴바지
pants_10501.png,긴바지
pants_10504.png,긴바지
pants_10505.png,긴바지
pants_10508.png,긴바지
pants_10509.png,긴바지
pants_10510.png,긴바지
pants_10511.png,긴바지
pants_10516.png,긴바지
pants_10523.png,긴바지
pants_10530.png,긴바지
pants_10533.png,긴바지
pants_10536.png,긴바지
pants_10547.png,긴바지
pants_10548.png,긴바지
pants_10556.png,긴바지
pants_10560.png,긴바지
pants_10565.png,긴바지
pants_10570.png,긴바지
pants_10571.png,긴바지
pants_10572.png,긴바지
pants_10580.png,긴바지
pants_10586.png,긴바지
pants_10592.png,긴바지
pants_10598.png,긴바지
pants_10604.png,긴바지
pants_10612.png,긴바지
pants_10620.png,긴바지
pants_10623.png,긴바지
pants_10624.png,긴바지
pants_10627.png,긴바지
pants_10629.png,긴바지
pants_10637.png,긴바지
pants_10639.png,긴바지
pants_10641.png,긴바지
pants_10645.png,긴바지
pants_10650.png,긴바지
pants_10657.png,긴바지
pants_10659.png,긴바지
pants_10661.png,긴바지
pants_10664.png,긴바지
pants_10668.png,긴바지
pants_10675.png,긴바지
pants_10687.png,긴바지
pants_10688.png,긴바지
pants_10690.png,긴바지
pants_10691.png,긴바지
pants_10700.png,긴바지
pants_10707.png,긴바지
pants_10712.png,긴바지
pants_10719.png,긴바지
pants_10721.png,긴바지
pants_10723.png,긴바지
pants_10726.png,긴바지
pants_10729.png,긴바지
pants_k_10046.png,긴바지
pants_k_10072.png,긴바지
pants_k_10075.png,긴바지
pants_k_10135.png,긴바지
pants_k_10137.png,긴바지
pants_k_10157.png,긴바지
pants_k_10276.png,긴바지
pants_k_10279.png,긴바지
pants_k_10282.png,긴바지
pants_k_10301.png,긴바지
pants_k_10319.png,긴바지
pants_k_10355.png,긴바지
pants_k_10365.png,긴바지
pants_k_10373.png,긴바지
pants_k_10387.png,긴바지
pants_k_10416.png,긴바지
pants_k_10590.png,긴바지
pants_k_10597.png,긴바지
pants_k_10605.png,긴바지
pants_k_11160.png,긴바지
pants_k_11362.png,긴바지
pants_k_11791.png,긴바지
pants_k_11846.png,긴바지
pants_k_11884.png,긴바지
pants_k_11893.png,긴바지
pants_k_11945.png,긴바지
pants_k_12108.png,긴바지
pants_k_12260.png,긴바지
pants_k_12338.png,긴바지
pants_k_12342.png,긴바지
pants_k_12454.png,긴바지
pants_k_12911.png,긴바지
pants_k_13636.png,긴바지
pants_k_13641.png,긴바지
pants_k_13932.png,긴바지
pants_k_13935.png,긴바지
pants_k_13937.png,긴바지
pants_k_13938.png,긴바지
pants_k_13953.png,긴바지
pants_k_13970.png,긴바지
pants_k_13999.png,긴바지
pants_k_14003.png,긴바지
pants_k_14519.png,긴바지
pants_k_14749.png,긴바지
pants_k_14794.png,긴바지
pants_k_15381.png,긴바지
pants_k_15648.png,긴바지
pants_k_15649.png,긴바지
pants_k_15652.png,긴바지
pants_k_15664.png,긴바지
pants_k_15669.png,긴바지
pants_k_15672.png,긴바지
pants_k_16410.png,긴바지
pants_k_16413.png,긴바지
pants_k_16972.png,긴바지
pants_k_16973.png,긴바지
pants_k_16982.png,긴바지
pants_k_17566.png,긴바지
pants_k_17570.png,긴바지
pants_k_17580.png,긴바지
pants_k_17666.png,긴바지
pants_k_17677.png,긴바지
pants_k_17703.png,긴바지
pants_k_17717.png,긴바지
pants_k_17730.png,긴바지
pants_k_17931.png,긴바지
pants_k_17941.png,긴바지
pants_k_17970.png,긴바지
pants_k_17982.png,긴바지
pants_k_17987.png,긴바지
pants_k_18501.png,긴바지
pants_k_18630.png,긴바지
pants_k_18784.png,긴바지
pants_k_18853.png,긴바지
pants_k_18891.png,긴바지
pants_k_19052.png,긴바지
pants_k_19454.png,긴바지
pants_k_19470.png,긴바지
pants_k_20098.png,긴바지
pants_k_20119.png,긴바지
pants_k_20152.png,긴바지
pants_k_20199.png,긴바지
pants_k_20210.png,긴바지
pants_k_20244.png,긴바지
pants_k_20249.png,긴바지
pants_k_20298.png,긴바지
pants_k_20340.png,긴바지
pants_k_20858.png,긴바지
pants_k_20901.png,긴바지
pants_k_20933.png,긴바지
pants_k_20962.png,긴바지
pants_k_20974.png,긴바지
pants_k_21043.png,긴바지
pants_k_21129.png,긴바지
pants_k_21200.png,긴바지
pants_k_21243.png,긴바지
pants_k_21308.png,긴바지
pants_k_21337.png,긴바지
pants_k_21342.png,긴바지
pants_k_21344.png,긴바지
pants_k_21593.png,긴바지
pants_k_21606.png,긴바지
pants_k_21607.png,긴바지
pants_k_21620.png,긴바지
pants_k_21636.png,긴바지
pants_k_21698.png,긴바지
pants_k_21700.png,긴바지
pants_k_21702.png,긴바지
pants_k_21706.png,긴바지
pants_k_21713.png,긴바지
pants_k_21717.png,긴바지
pants_k_21718.png,긴바지
pants_k_21719.png,긴바지
pants_k_21721.png,긴바지
pants_k_21731.png,긴바지
pants_k_21733.png,긴바지
pants_k_21735.png,긴바지
pants_k_21777.png,긴바지
pants_k_22139.png,긴바지
pants_k_22140.png,긴바지
pants_k_22142.png,긴바지
pants_k_22148.png,긴바지
pants_k_22154.png,긴바지
pants_k_22155.png,긴바지
pants_k_22159.png,긴바지
pants_k_22160.png,긴바지
pants_k_22167.png,긴바지
pants_k_22174.png,긴바지
pants_k_22176.png,긴바지
pants_k_22184.png,긴바지
pants_k_22268.png,긴바지
pants_k_22300.png,긴바지
pants_k_22451.png,긴바지
pants_k_23738.png,긴바지
pants_k_23816.png,긴바지
pants_k_24043.png,긴바지
pants_k_24333.png,긴바지
pants_k_25248.png,긴바지
pants_k_25334.png,긴바지
pants_k_25412.png,긴바지
pants_k_25576.png,긴바지
pants_k_25684.png,긴바지
pants_k_25731.png,긴바지
pants_k_28586.png,긴바지
pants_k_28612.png,긴바지
pants_k_28624.png,긴바지
pants_k_28678.png,긴바지
pants_k_29679.png,긴바지
pants_k_29696.png,긴바지
pants_k_29698.png,긴바지
blouse_k_10132.png,셔츠/블라우스
blouse_k_10222.png,셔츠/블라우스
blouse_k_10736.png,셔츠/블라우스
blouse_k_11337.png,셔츠/블라우스
blouse_k_11341.png,셔츠/블라우스
blouse_k_11343.png,셔츠/블라우스
blouse_k_11357.png,셔츠/블라우스
blouse_k_11363.png,셔츠/블라우스
blouse_k_11373.png,셔츠/블라우스
blouse_k_11375.png,셔츠/블라우스
blouse_k_11459.png,셔츠/블라우스
blouse_k_11472.png,셔츠/블라우스
blouse_k_11486.png,셔츠/블라우스
blouse_k_11922.png,셔츠/블라우스
blouse_k_12071.png,셔츠/블라우스
blouse_k_12079.png,셔츠/블라우스
blouse_k_12099.png,셔츠/블라우스
blouse_k_12135.png,셔츠/블라우스
blouse_k_12160.png,셔츠/블라우스
blouse_k_12187.png,셔츠/블라우스
blouse_k_12189.png,셔츠/블라우스
blouse_k_12632.png,셔츠/블라우스
blouse_k_12673.png,셔츠/블라우스
blouse_k_12685.png,셔츠/블라우스
blouse_k_12864.png,셔츠/블라우스
blouse_k_12868.png,셔츠/블라우스
blouse_k_12870.png,셔츠/블라우스
blouse_k_12872.png,셔츠/블라우스
blouse_k_13211.png,셔츠/블라우스
blouse_k_13377.png,셔츠/블라우스
blouse_k_13452.png,셔츠/블라우스
blouse_k_13453.png,셔츠/블라우스
blouse_k_13454.png,셔츠/블라우스
blouse_k_13455.png,셔츠/블라우스
blouse_k_13463.png,셔츠/블라우스
blouse_k_13465.png,셔츠/블라우스
blouse_k_13467.png,셔츠/블라우스
blouse_k_13471.png,셔츠/블라우스
blouse_k_13472.png,셔츠/블라우스
blouse_k_13882.png,셔츠/블라우스
blouse_k_13883.png,셔츠/블라우스
blouse_k_14107.png,셔츠/블라우스
blouse_k_14160.png,셔츠/블라우스
blouse_k_14387.png,셔츠/블라우스
blouse_k_15262.png,셔츠/블라우스
blouse_k_15266.png,셔츠/블라우스
blouse_k_15268.png,셔츠/블라우스
blouse_k_15279.png,셔츠/블라우스
blouse_k_15282.png,셔츠/블라우스
blouse_k_15285.png,셔츠/블라우스
blouse_k_15329.png,셔츠/블라우스
blouse_k_15351.png,셔츠/블라우스
blouse_k_15353.png,셔츠/블라우스
blouse_k_15371.png,셔츠/블라우스
blouse_k_16017.png,셔츠/블라우스
blouse_k_16228.png,셔츠/블라우스
blouse_k_16245.png,셔츠/블라우스
blouse_k_16318.png,셔츠/블라우스
blouse_k_16319.png,셔츠/블라우스
blouse_k_16458.png,셔츠/블라우스
blouse_k_16483.png,셔츠/블라우스
blouse_k_16487.png,셔츠/블라우스
blouse_k_16490.png,셔츠/블라우스
blouse_k_16508.png,셔츠/블라우스
blouse_k_16809.png,셔츠/블라우스
blouse_k_16893.png,셔츠/블라우스
blouse_k_17028.png,셔츠/블라우스
blouse_k_17226.png,셔츠/블라우스
blouse_k_17231.png,셔츠/블라우스
blouse_k_17239.png,셔츠/블라우스
blouse_k_17393.png,셔츠/블라우스
blouse_k_17417.png,셔츠/블라우스
blouse_k_17428.png,셔츠/블라우스
blouse_k_17775.png,셔츠/블라우스
blouse_k_17781.png,셔츠/블라우스
blouse_k_17783.png,셔츠/블라우스
blouse_k_18273.png,셔츠/블라우스
blouse_k_18274.png,셔츠/블라우스
blouse_k_18286.png,셔츠/블라우스
blouse_k_18691.png,셔츠/블라우스
blouse_k_18729.png,셔츠/블라우스
blouse_k_18808.png,셔츠/블라우스
blouse_k_18930.png,셔츠/블라우스
blouse_k_19259.png,셔츠/블라우스
blouse_k_20322.png,셔츠/블라우스
blouse_k_20540.png,셔츠/블라우스
blouse_k_20565.png,셔츠/블라우스
blouse_k_20758.png,셔츠/블라우스
blouse_k_23133.png,셔츠/블라우스
blouse_k_23676.png,셔츠/블라우스
blouse_k_23962.png,셔츠/블라우스
blouse_k_24013.png,셔츠/블라우스
blouse_k_24795.png,셔츠/블라우스
blouse_k_26251.png,셔츠/블라우스
blouse_k_27591.png,셔츠/블라우스
blouse_k_27594.png,셔츠/블라우스
blouse_k_27612.png,셔츠/블라우스
blouse_k_27614.png,셔츠/블라우스
blouse_k_27623.png,셔츠/블라우스
blouse_k_27626.png,셔츠/블라우스
blouse_k_27629.png,셔츠/블라우스
blouse_k_27639.png,셔츠/블라우스
blouse_k_27640.png,셔츠/블라우스
blouse_k_27646.png,셔츠/블라우스
blouse_k_27648.png,셔츠/블라우스
blouse_k_27649.png,셔츠/블라우스
blouse_k_27655.png,셔츠/블라우스
blouse_k_27679.png,셔츠/블라우스
blouse_k_27692.png,셔츠/블라우스
blouse_k_27703.png,셔츠/블라우스
blouse_k_27724.png,셔츠/블라우스
blouse_k_27730.png,셔츠/블라우스
blouse_k_27734.png,셔츠/블라우스
blouse_k_27736.png,셔츠/블라우스
blouse_k_27756.png,셔츠/블라우스
blouse_k_27762.png,셔츠/블라우스
blouse_k_27779.png,셔츠/블라우스
blouse_k_27780.png,셔츠/블라우스
blouse_k_27782.png,셔츠/블라우스
blouse_k_27799.png,셔츠/블라우스
blouse_k_27801.png,셔츠/블라우스
blouse_k_29105.png,셔츠/블라우스
blouse_k_29155.png,셔츠/블라우스
blouse_k_29157.png,셔츠/블라우스
blouse_k_29160.png,셔츠/블라우스
blouse_k_29162.png,셔츠/블라우스
shirt_k_10814.png,셔츠/블라우스
shirt_k_11894.png,셔츠/블라우스
shirt_k_11938.png,셔츠/블라우스
shirt_k_12020.png,셔츠/블라우스
shirt_k_12058.png,셔츠/블라우스
shirt_k_12072.png,셔츠/블라우스
shirt_k_12085.png,셔츠/블라우스
shirt_k_12119.png,셔츠/블라우스
shirt_k_12194.png,셔츠/블라우스
shirt_k_12393.png,셔츠/블라우스
shirt_k_12736.png,셔츠/블라우스
shirt_k_12842.png,셔츠/블라우스
shirt_k_12845.png,셔츠/블라우스
shirt_k_12848.png,셔츠/블라우스
shirt_k_12852.png,셔츠/블라우스
shirt_k_14099.png,셔츠/블라우스
shirt_k_14154.png,셔츠/블라우스
shirt_k_14155.png,셔츠/블라우스
shirt_k_14158.png,셔츠/블라우스
shirt_k_14823.png,셔츠/블라우스
shirt_k_17004.png,셔츠/블라우스
shirt_k_17005.png,셔츠/블라우스
shirt_k_17006.png,셔츠/블라우스
shirt_k_17125.png,셔츠/블라우스
shirt_k_17257.png,셔츠/블라우스
shirt_k_17269.png,셔츠/블라우스
shirt_k_17291.png,셔츠/블라우스
shirt_k_17839.png,셔츠/블라우스
shirt_k_18186.png,셔츠/블라우스
shirt_k_18287.png,셔츠/블라우스
shirt_k_18858.png,셔츠/블라우스
shirt_k_18908.png,셔츠/블라우스
shirt_k_20673.png,셔츠/블라우스
shirt_k_20729.png,셔츠/블라우스
shirt_k_20736.png,셔츠/블라우스
shirt_k_22494.png,셔츠/블라우스
shirt_k_22509.png,셔츠/블라우스
shirt_k_23949.png,셔츠/블라우스
shirt_k_23957.png,셔츠/블라우스
shirt_k_24813.png,셔츠/블라우스
shirt_k_24816.png,셔츠/블라우스
shirt_k_24836.png,셔츠/블라우스
shirt_k_24838.png,셔츠/블라우스
shirt_k_24913.png,셔츠/블라우스
shirt_k_24929.png,셔츠/블라우스
shirt_k_24951.png,셔츠/블라우스
shirt_k_24974.png,셔츠/블라우스
shirt_k_25008.png,셔츠/블라우스
shirt_k_25011.png,셔츠/블라우스
shirt_k_25073.png,셔츠/블라우스
shirt_k_25125.png,셔츠/블라우스
shirt_k_25170.png,셔츠/블라우스
shirt_k_25174.png,셔츠/블라우스
shirt_k_25222.png,셔츠/블라우스
shirt_k_25254.png,셔츠/블라우스
shirt_k_25256.png,셔츠/블라우스
shirt_k_25550.png,셔츠/블라우스
shirt_k_27377.png,셔츠/블라우스
shirt_k_27627.png,셔츠/블라우스
shirt_k_27695.png,셔츠/블라우스
shirt_k_27750.png,셔츠/블라우스
shirt_k_27784.png,셔츠/블라우스
shirt_k_28165.png,셔츠/블라우스
shirt_k_28166.png,셔츠/블라우스
shirt_k_28198.png,셔츠/블라우스
shirt_k_28205.png,셔츠/블라우스
shirt_k_28214.png,셔츠/블라우스
shirt_k_28236.png,셔츠/블라우스
shirt_k_28264.png,셔츠/블라우스
shirt_k_29167.png,셔츠/블라우스
shirt_k_29235.png,셔츠/블라우스
shorts_10019.png,반바지
shorts_10040.png,반바지
shorts_10060.png,반바지
shorts_10062.png,반바지
shorts_10082.png,반바지
shorts_10090.png,반바지
shorts_10103.png,반바지
shorts_10111.png,반바지
shorts_10112.png,반바지
shorts_10115.png,반바지
shorts_10119.png,반바지
shorts_10132.png,반바지
shorts_10137.png,반바지
shorts_10139.png,반바지
shorts_10149.png,반바지
shorts_10167.png,반바지
shorts_10171.png,반바지
shorts_10176.png,반바지
shorts_10179.png,반바지
shorts_10183.png,반바지
shorts_10206.png,반바지
shorts_10217.png,반바지
shorts_10220.png,반바지
shorts_10222.png,반바지
shorts_10223.png,반바지
shorts_10225.png,반바지
shorts_10231.png,반바지
shorts_10233.png,반바지
shorts_10234.png,반바지
shorts_10249.png,반바지
shorts_10271.png,반바지
shorts_10275.png,반바지
shorts_10276.png,반바지
shorts_10278.png,반바지
shorts_10282.png,반바지
shorts_10293.png,반바지
shorts_10298.png,반바지
shorts_10302.png,반바지
shorts_10304.png,반바지
shorts_10307.png,반바지
shorts_10309.png,반바지
shorts_10311.png,반바지
shorts_10317.png,반바지
shorts_10318.png,반바지
shorts_10324.png,반바지
shorts_10328.png,반바지
shorts_10329.png,반바지
shorts_10341.png,반바지
shorts_10343.png,반바지
shorts_10350.png,반바지
shorts_10353.png,반바지
shorts_10360.png,반바지
shorts_10361.png,반바지
shorts_10362.png,반바지
shorts_10363.png,반바지
shorts_10369.png,반바지
shorts_10370.png,반바지
shorts_10378.png,반바지
shorts_10379.png,반바지
shorts_10407.png,반바지
shorts_10408.png,반바지
shorts_10414.png,반바지
shorts_10424.png,반바지
shorts_10433.png,반바지
shorts_10444.png,반바지
shorts_10447.png,반바지
shorts_10451.png,반바지
shorts_10453.png,반바지
shorts_10456.png,반바지
shorts_10459.png,반바지
shorts_10470.png,반바지
shorts_10473.png,반바지
shorts_10474.png,반바지
shorts_10482.png,반바지
shorts_10485.png,반바지
shorts_10486.png,반바지
shorts_10491.png,반바지
shorts_10494.png,반바지
shorts_10495.png,반바지
shorts_10502.png,반바지
shorts_10505.png,반바지
shorts_10509.png,반바지
shorts_10512.png,반바지
shorts_10517.png,반바지
shorts_10524.png,반바지
shorts_10525.png,반바지
shorts_10528.png,반바지
shorts_10532.png,반바지
shorts_10537.png,반바지
shorts_10544.png,반바지
shorts_10549.png,반바지
shorts_10557.png,반바지
shorts_10564.png,반바지
shorts_10568.png,반바지
shorts_10570.png,반바지
shorts_10574.png,반바지
shorts_10582.png,반바지
shorts_10587.png,반바지
shorts_10588.png,반바지
shorts_10595.png,반바지
shorts_10605.png,반바지
shorts_10610.png,반바지
shorts_10618.png,반바지
shorts_10619.png,반바지
shorts_10623.png,반바지
shorts_10625.png,반바지
shorts_10632.png,반바지
shorts_10637.png,반바지
shorts_10640.png,반바지
shorts_10652.png,반바지
shorts_10676.png,반바지
shorts_10689.png,반바지
shorts_10699.png,반바지
shorts_10700.png,반바지
shorts_10702.png,반바지
shorts_10713.png,반바지
shorts_10719.png,반바지
shorts_10722.png,반바지
shorts_10723.png,반바지
shorts_10733.png,반바지
shorts_10734.png,반바지
shorts_10735.png,반바지
shorts_10736.png,반바지
shorts_10738.png,반바지
shorts_k_10569.png,반바지
shorts_k_10646.png,반바지
shorts_k_11629.png,반바지
shorts_k_11921.png,반바지
shorts_k_12821.png,반바지
shorts_k_13208.png,반바지
shorts_k_13927.png,반바지
shorts_k_13929.png,반바지
shorts_k_14293.png,반바지
shorts_k_14374.png,반바지
shorts_k_14782.png,반바지
shorts_k_15662.png,반바지
shorts_k_15998.png,반바지
shorts_k_16005.png,반바지
shorts_k_16162.png,반바지
shorts_k_16727.png,반바지
shorts_k_16872.png,반바지
shorts_k_16949.png,반바지
shorts_k_17285.png,반바지
shorts_k_17793.png,반바지
shorts_k_18243.png,반바지
shorts_k_18269.png,반바지
shorts_k_18279.png,반바지
shorts_k_19437.png,반바지
shorts_k_20220.png,반바지
shorts_k_20265.png,반바지
shorts_k_20313.png,반바지
shorts_k_20343.png,반바지
shorts_k_20605.png,반바지
shorts_k_20808.png,반바지
shorts_k_21283.png,반바지
shorts_k_21691.png,반바지
shorts_k_21742.png,반바지
shorts_k_21746.png,반바지
shorts_k_24023.png,반바지
shorts_k_24165.png,반바지
shorts_k_24919.png,반바지
shorts_k_25288.png,반바지
shorts_k_25591.png,반바지
shorts_k_26615.png,반바지
shorts_k_27647.png,반바지
shorts_k_27759.png,반바지
shorts_k_28735.png,반바지
shorts_k_28759.png,반바지
shorts_k_28785.png,반바지
shorts_k_28817.png,반바지
shorts_k_29229.png,반바지
shorts_k_29406.png,반바지
shorts_k_29427.png,반바지
shorts_k_29639.png,반바지
shorts_k_29648.png,반바지
shorts_k_29672.png,반바지
shorts_k_29676.png,반바지
shorts_k_29684.png,반바지
sleeve_10004.png,긴팔티
sleeve_10032.png,긴팔티
sleeve_10037.png,긴팔티
sleeve_10041.png,긴팔티
sleeve_10047.png,긴팔티
sleeve_10050.png,긴팔티
sleeve_10052.png,긴팔티
sleeve_10067.png,긴팔티
sleeve_10073.png,긴팔티
sleeve_10076.png,긴팔티
sleeve_10078.png,긴팔티
sleeve_10089.png,긴팔티
sleeve_10090.png,긴팔티
sleeve_10098.png,긴팔티
sleeve_10101.png,긴팔티
sleeve_10102.png,긴팔티
sleeve_10103.png,긴팔티
sleeve_10115.png,긴팔티
sleeve_10118.png,긴팔티
sleeve_10129.png,긴팔티
sleeve_10132.png,긴팔티
sleeve_10138.png,긴팔티
sleeve_10152.png,긴팔티
sleeve_10154.png,긴팔티
sleeve_10162.png,긴팔티
sleeve_10164.png,긴팔티
sleeve_10170.png,긴팔티
sleeve_10183.png,긴팔티
sleeve_10184.png,긴팔티
sleeve_10186.png,긴팔티
sleeve_10187.png,긴팔티
sleeve_10191.png,긴팔티
sleeve_10198.png,긴팔티
sleeve_10199.png,긴팔티
sleeve_10202.png,긴팔티
sleeve_10205.png,긴팔티
sleeve_10208.png,긴팔티
sleeve_10221.png,긴팔티
sleeve_10223.png,긴팔티
sleeve_10231.png,긴팔티
sleeve_10235.png,긴팔티
sleeve_10247.png,긴팔티
sleeve_10263.png,긴팔티
sleeve_10264.png,긴팔티
sleeve_10276.png,긴팔티
sleeve_10282.png,긴팔티
sleeve_10285.png,긴팔티
sleeve_10309.png,긴팔티
sleeve_10322.png,긴팔티
sleeve_10323.png,긴팔티
sleeve_10324.png,긴팔티
sleeve_10325.png,긴팔티
sleeve_10330.png,긴팔티
sleeve_10334.png,긴팔티
sleeve_10339.png,긴팔티
sleeve_10344.png,긴팔티
sleeve_10346.png,긴팔티
sleeve_10347.png,긴팔티
sleeve_10348.png,긴팔티
sleeve_10358.png,긴팔티
sleeve_10360.png,긴팔티
sleeve_10361.png,긴팔티
sleeve_10364.png,긴팔티
sleeve_10372.png,긴팔티
sleeve_10377.png,긴팔티
sleeve_10380.png,긴팔티
sleeve_10381.png,긴팔티
sleeve_10398.png,긴팔티
sleeve_10411.png,긴팔티
sleeve_10419.png,긴팔티
sleeve_10428.png,긴팔티
sleeve_10429.png,긴팔티
sleeve_10432.png,긴팔티
sleeve_10440.png,긴팔티
sleeve_10442.png,긴팔티
sleeve_10447.png,긴팔티
sleeve_10456.png,긴팔티
sleeve_10459.png,긴팔티
sleeve_10461.png,긴팔티
sleeve_10467.png,긴팔티
sleeve_10468.png,긴팔티
sleeve_10470.png,긴팔티
sleeve_10475.png,긴팔티
sleeve_10482.png,긴팔티
sleeve_10484.png,긴팔티
sleeve_10485.png,긴팔티
sleeve_10490.png,긴팔티
sleeve_k_10666.png,긴팔티
sleeve_k_10673.png,긴팔티
sleeve_k_10682.png,긴팔티
sleeve_k_10900.png,긴팔티
sleeve_k_10910.png,긴팔티
sleeve_k_11213.png,긴팔티
sleeve_k_11245.png,긴팔티
sleeve_k_11251.png,긴팔티
sleeve_k_11552.png,긴팔티
sleeve_k_11666.png,긴팔티
sleeve_k_12392.png,긴팔티
sleeve_k_12949.png,긴팔티
sleeve_k_12952.png,긴팔티
sleeve_k_12999.png,긴팔티
sleeve_k_13009.png,긴팔티
sleeve_k_13012.png,긴팔티
sleeve_k_13016.png,긴팔티
sleeve_k_13040.png,긴팔티
sleeve_k_13042.png,긴팔티
sleeve_k_13277.png,긴팔티
sleeve_k_13395.png,긴팔티
sleeve_k_13728.png,긴팔티
sleeve_k_13732.png,긴팔티
sleeve_k_13975.png,긴팔티
sleeve_k_14217.png,긴팔티
sleeve_k_14314.png,긴팔티
sleeve_k_14463.png,긴팔티
sleeve_k_14466.png,긴팔티
sleeve_k_14474.png,긴팔티
sleeve_k_14532.png,긴팔티
sleeve_k_14860.png,긴팔티
sleeve_k_14861.png,긴팔티
sleeve_k_14863.png,긴팔티
sleeve_k_14876.png,긴팔티
sleeve_k_14922.png,긴팔티
sleeve_k_14923.png,긴팔티
sleeve_k_14929.png,긴팔티
sleeve_k_14934.png,긴팔티
sleeve_k_14935.png,긴팔티
sleeve_k_14947.png,긴팔티
sleeve_k_14988.png,긴팔티
sleeve_k_15187.png,긴팔티
sleeve_k_15203.png,긴팔티
sleeve_k_15250.png,긴팔티
sleeve_k_15260.png,긴팔티
sleeve_k_15294.png,긴팔티
sleeve_k_15425.png,긴팔티
sleeve_k_15618.png,긴팔티
sleeve_k_15875.png,긴팔티
sleeve_k_15933.png,긴팔티
sleeve_k_15952.png,긴팔티
sleeve_k_16835.png,긴팔티
sleeve_k_16837.png,긴팔티
sleeve_k_16841.png,긴팔티
sleeve_k_16855.png,긴팔티
sleeve_k_17714.png,긴팔티
sleeve_k_17826.png,긴팔티
sleeve_k_18714.png,긴팔티
sleeve_k_18868.png,긴팔티
sleeve_k_19004.png,긴팔티
sleeve_k_19136.png,긴팔티
sleeve_k_19711.png,긴팔티
sleeve_k_19728.png,긴팔티
sleeve_k_20295.png,긴팔티
sleeve_k_20329.png,긴팔티
sleeve_k_21561.png,긴팔티
sleeve_k_21796.png,긴팔티
sleeve_k_21809.png,긴팔티
sleeve_k_21829.png,긴팔티
sleeve_k_22389.png,긴팔티
sleeve_k_22909.png,긴팔티
sleeve_k_22980.png,긴팔티
sleeve_k_22991.png,긴팔티
sleeve_k_22995.png,긴팔티
sleeve_k_23003.png,긴팔티
sleeve_k_23008.png,긴팔티
sleeve_k_23015.png,긴팔티
sleeve_k_23016.png,긴팔티
sleeve_k_23024.png,긴팔티
sleeve_k_23025.png,긴팔티
sleeve_k_23085.png,긴팔티
sleeve_k_23091.png,긴팔티
sleeve_k_23121.png,긴팔티
sleeve_k_23155.png,긴팔티
sleeve_k_23419.png,긴팔티
sleeve_k_23438.png,긴팔티
sleeve_k_23504.png,긴팔티
sleeve_k_23537.png,긴팔티
sleeve_k_23566.png,긴팔티
sleeve_k_23580.png,긴팔티
sleeve_k_23581.png,긴팔티
sleeve_k_23711.png,긴팔티
sleeve_k_23776.png,긴팔티
sleeve_k_24351.png,긴팔티
sleeve_k_24437.png,긴팔티
sleeve_k_24489.png,긴팔티
sleeve_k_24506.png,긴팔티
sleeve_k_24664.png,긴팔티
sleeve_k_25973.png,긴팔티
sleeve_k_26007.png,긴팔티
sleeve_k_26009.png,긴팔티
sleeve_k_26016.png,긴팔티
sleeve_k_26049.png,긴팔티
sleeve_k_26074.png,긴팔티
sleeve_k_26092.png,긴팔티
sleeve_k_26115.png,긴팔티
sleeve_k_26116.png,긴팔티
sleeve_k_26124.png,긴팔티
sleeve_k_26171.png,긴팔티
sleeve_k_26181.png,긴팔티
sleeve_k_26202.png,긴팔티
sleeve_k_26207.png,긴팔티
sleeve_k_26228.png,긴팔티
sleeve_k_26887.png,긴팔티
sleeve_k_27074.png,긴팔티
sleeve_k_27273.png,긴팔티
sleeve_k_27285.png,긴팔티
sleeve_k_27290.png,긴팔티
sleeve_k_29345.png,긴팔티
vest_10001.png,베스트
vest_10018.png,베스트
vest_10048.png,베스트
vest_10051.png,베스트
vest_10054.png,베스트
vest_10063.png,베스트
vest_10069.png,베스트
vest_10082.png,베스트
vest_10090.png,베스트
vest_10091.png,베스트
vest_10098.png,베스트
vest_10103.png,베스트
vest_10108.png,베스트
vest_10114.png,베스트
vest_10115.png,베스트
vest_10122.png,베스트
vest_10124.png,베스트
vest_10126.png,베스트
vest_10128.png,베스트
vest_10132.png,베스트
vest_10133.png,베스트
vest_10137.png,베스트
vest_10139.png,베스트
vest_10146.png,베스트
vest_10152.png,베스트
vest_10154.png,베스트
vest_10157.png,베스트
vest_10168.png,베스트
vest_10170.png,베스트
vest_10173.png,베스트
vest_10182.png,베스트
vest_10193.png,베스트
vest_10197.png,베스트
vest_10202.png,베스트
vest_10212.png,베스트
vest_10216.png,베스트
vest_10217.png,베스트
vest_10220.png,베스트
vest_10222.png,베스트
vest_10228.png,베스트
vest_10245.png,베스트
vest_10250.png,베스트
vest_10261.png,베스트
vest_10271.png,베스트
vest_10272.png,베스트
vest_10273.png,베스트
vest_10274.png,베스트
vest_10275.png,베스트
vest_10279.png,베스트
vest_10283.png,베스트
vest_10285.png,베스트
vest_10287.png,베스트
vest_10293.png,베스트
vest_10296.png,베스트
vest_10300.png,베스트
vest_10308.png,베스트
vest_10312.png,베스트
vest_10324.png,베스트
vest_10329.png,베스트
vest_10330.png,베스트
vest_10332.png,베스트
vest_10333.png,베스트
vest_10338.png,베스트
vest_10353.png,베스트
vest_10354.png,베스트
vest_10355.png,베스트
vest_10356.png,베스트
vest_10357.png,베스트
vest_10359.png,베스트
vest_10367.png,베스트
vest_10368.png,베스트
vest_10372.png,베스트
vest_10373.png,베스트
vest_10380.png,베스트
vest_10388.png,베스트
vest_10390.png,베스트
vest_10393.png,베스트
vest_10394.png,베스트
vest_10395.png,베스트
vest_10409.png,베스트
vest_10418.png,베스트
vest_10420.png,베스트
vest_10421.png,베스트
vest_10423.png,베스트
vest_10425.png,베스트
vest_10426.png,베스트
vest_10437.png,베스트
vest_10438.png,베스트
vest_10439.png,베스트
vest_10441.png,베스트
vest_10442.png,베스트
vest_10455.png,베스트
vest_10458.png,베스트
vest_10459.png,베스트
vest_10461.png,베스트
vest_10463.png,베스트
vest_10468.png,베스트
vest_10469.png,베스트
vest_10473.png,베스트
vest_10474.png,베스트
vest_10475.png,베스트
vest_10476.png,베스트
vest_10477.png,베스트
vest_10483.png,베스트
vest_10485.png,베스트
vest_10487.png,베스트
vest_10492.png,베스트
vest_10504.png,베스트
vest_10506.png,베스트
vest_10509.png,베스트
vest_10510.png,베스트
vest_10511.png,베스트
vest_10513.png,베스트
vest_10520.png,베스트
vest_10523.png,베스트
vest_10540.png,베스트
vest_10547.png,베스트
vest_10549.png,베스트
vest_10553.png,베스트
vest_10554.png,베스트
vest_10564.png,베스트
vest_10570.png,베스트
vest_10590.png,베스트
vest_10600.png,베스트
vest_10605.png,베스트
vest_10607.png,베스트
vest_10612.png,베스트
vest_10613.png,베스트
vest_10614.png,베스트
vest_10615.png,베스트
vest_10617.png,베스트
vest_10619.png,베스트
vest_10627.png,베스트
vest_10631.png,베스트
vest_10640.png,베스트
vest_10642.png,베스트
vest_10643.png,베스트
vest_10650.png,베스트
vest_10653.png,베스트
vest_10656.png,베스트
vest_10662.png,베스트
vest_10663.png,베스트
vest_10664.png,베스트
vest_10665.png,베스트
vest_10666.png,베스트
vest_10670.png,베스트
vest_10671.png,베스트
vest_10672.png,베스트
vest_10673.png,베스트
vest_10675.png,베스트
vest_10678.png,베스트
vest_10680.png,베스트
vest_10682.png,베스트
vest_10686.png,베스트
vest_10690.png,베스트
vest_10691.png,베스트
vest_10692.png,베스트
vest_10695.png,베스트
vest_10701.png,베스트
vest_10706.png,베스트
vest_10708.png,베스트
vest_10713.png,베스트
vest_10714.png,베스트
vest_10715.png,베스트
vest_10726.png,베스트
vest_10731.png,베스트
vest_10732.png,베스트
vest_10736.png,베스트
vest_10741.png,베스트
vest_10742.png,베스트
vest_k_10921.png,베스트
vest_k_11939.png,베스트
vest_k_14172.png,베스트
vest_k_15637.png,베스트
vest_k_17770.png,베스트
vest_k_20638.png,베스트
vest_k_20664.png,베스트
vest_k_22064.png,베스트
vest_k_22115.png,베스트
vest_k_22821.png,베스트
vest_k_22877.png,베스트
vest_k_22891.png,베스트
vest_k_22892.png,베스트
vest_k_25370.png,베스트
